Urban High-Density Hubs,Peri-Urban & Commuter Corridors,Logistics & Fleet aClusters,Is the site in a high-risk CSEA?,"If Yes, select which applies (pick maximum 2)","If Yes, select which applies (pick maximum 2)/Near schools","If Yes, select which applies (pick maximum 2)/Near an informal settlement","If Yes, select which applies (pick maximum 2)/Near a market","If Yes, select which applies (pick maximum 2)/Near a bus stage/stop","If Yes, select which applies (pick maximum 2)/Near night-time economy zone","If Yes, select which applies (pick maximum 2)/In a poorly lit area",1. Location/Battery swapping station,4. Occupation:,5. Age,6. Highest level of Education,7. Gender:,8a. Location of operation (Estate/Sub-county): …………………………..,8b Sub County ,Other (specify),9. How long have you been operating as a rider with Arc Ride?,10. Do you own or lease your electric motorcycle?,Other (specify),11. How often do you use your electric motorcycle?,12. Approximately how many kilometres do you travel a day?,13. How often do you use Arc Ride charging/battery swap services?,14. Which charging/swap station do you use most frequently? ,15. Why do you prefer this station?.................................................................................,Other(specify),16. How far do you travel to reach the nearest station? (Km).........................................,17.  How long does the battery swap/charging process usually take?,18. Are the swapping stations reliable?,19. How often do you find charging/battery stations out of service?,20. Have you ever found a station out of service?,"If yes, which one? (specify)................................................",21. Are charging/swap stations accessible?,22. Have you experienced battery shortages or long waiting times?,"22b. If yes, explain",23. Do current stations meet the demand from riders?,24. Have you ever had an issue that required you to see a technician?,"24b. If yes, what was the issue? ","24b. If yes, what was the issue? /Battery quality","24b. If yes, what was the issue? /Charging speed","24b. If yes, what was the issue? /Customer service","24b. If yes, what was the issue? /Safety of stations","24b. If yes, what was the issue? /Reliability of service","24b. If yes, what was the issue? /Motor","24b. If yes, what was the issue? /Other (Specify)",Other(Specify),24c. How was it handled?,25. Rate your satisfaction with:,Battery quality,Charging speed,Customer service,Safety of stations,Reliability of service,26.  What are the biggest benefits of using an electric motorcycle?,Other(specify),27. What challenges do you face?,27. What challenges do you face?/Faulty batteries,27. What challenges do you face?/Quick battery drainage,27. What challenges do you face?/Few skilled technicians,27. What challenges do you face?/Few charging/swapping stations,27. What challenges do you face?/Unreliable swapping stations,27. What challenges do you face?/Not enough batteries in swapping stations,27. What challenges do you face?/Other (specify),Other (specify),28.  Would you recommend Arc Ride services to other riders?,"28a. If yes, why? ","28b. If no, why?",29. What motivated you to adopt an electric motorcycle? ,30. What barriers prevent more riders from adopting electric motorcycles? ,30. What barriers prevent more riders from adopting electric motorcycles? /High cost of electric motorcycles,30. What barriers prevent more riders from adopting electric motorcycles? /High cost of charging/swapping,30. What barriers prevent more riders from adopting electric motorcycles? /Lack of adequate charging/swap stations,30. What barriers prevent more riders from adopting electric motorcycles? /Limited awareness,30. What barriers prevent more riders from adopting electric motorcycles? /Maintenance concerns,30. What barriers prevent more riders from adopting electric motorcycles? /Resale challenges,30. What barriers prevent more riders from adopting electric motorcycles? /Battery concerns,30. What barriers prevent more riders from adopting electric motorcycles? /Lack of technicians,30. What barriers prevent more riders from adopting electric motorcycles? /Other (specify),Other (specify),31. Has the recent E-Mobility Policy improved the sector from your perspective?,32. What policy changes would encourage wider adoption?......................................,Battery Performance,"33. Does
the battery last as expected?","34. Have you experienced battery
overheating?","35. Have you experienced battery failure
while riding?","36. Have you ever received a damaged
battery?",37. How quickly are faulty batteries replaced?,Community Safety ,"38. Have you witnessed injuries around
battery swap stations?","39. Are pedestrians protected around the
station?","40. Is the station accessible to persons
with disabilities?","41. Have you observed children playing
near charging equipment/stations?",Environmental Safeguards,"42. Have
you observed leaking batteries?","43. Have you observed damaged batteries
left unattended?",44. Is the station clean?,"45. Is
e-waste properly managed?",Safety,"46. Have you received safe riding
training from Arc Ride?","47. Have you ever been involved in a
road accident while using an Arc Ride motorcycle?",48. Were you wearing a PPE?,"49. Do you
feel safe using Arc Ride facilities?","50. Have you observed unsafe conditions
at charging stations?",51. Are fire extinguishers visible?,52. Is there enough lighting at night?,"If yes in Q49, why? ",      Grievance Mechanisms,"53. Are you aware of any grievance
redress mechanism provided by Arc Ride?",54. Have you ever lodged a complaint?,54b. Was your complaint resolved satisfactorily ?,GBV/SEAH/CSEA,"56. Have
you received information on respectful behaviour?","57. Are there posters explaining how to
report misconduct?","58. Do you know where to report
harassment?","59. Have you witnessed or experienced
any form of harassment, discrimination, or unsafe behavior at stations?","60.Have you witnessed CSEA around/at
the charging/swapping station?","59a. If yes in Q59, was the incident reported?","59b. If Yes, how was it resolved?.......................................................","60a. If Yes, was the incident reported?","60b. If yes, how was it resolved?........................................................",61. What improvements would make the service more inclusive and safer?,62. Any other suggestions for improving Arc Ride services and/or electric mobility in general?,63. Which areas need additional stations? (maximum 3 areas),Enter a time,Was the interview successfull? ,Anything you would like to observe about the interview ?,Record your current location,_Record your current location_latitude,_Record your current location_longitude,_Record your current location_altitude,_Record your current location_precision,Is the site in a high-risk CSEA?,10. Do you own or lease your electric motorcycle?,15. Why do you prefer this station?.................................................................................,20. Have you ever found a station out of service?,22. Have you experienced battery shortages or long waiting times?,24. Have you ever had an issue that required you to see a technician?,"24b. If yes, what was the issue? ","24b. If yes, what was the issue? /Battery quality","24b. If yes, what was the issue? /Charging speed","24b. If yes, what was the issue? /Customer service","24b. If yes, what was the issue? /Safety of stations","24b. If yes, what was the issue? /Reliability of service",26.  What are the biggest benefits of using an electric motorcycle?,27. What challenges do you face?,27. What challenges do you face?/Faulty batteries,27. What challenges do you face?/Quick battery drainage,27. What challenges do you face?/Few skilled technicians,27. What challenges do you face?/Few charging/swapping stations,27. What challenges do you face?/Unreliable swapping stations,27. What challenges do you face?/Not enough batteries in swapping stations,27. What challenges do you face?/Other (specify),28.  Would you recommend Arc Ride services to other riders?,30. What barriers prevent more riders from adopting electric motorcycles? ,30. What barriers prevent more riders from adopting electric motorcycles? /High cost of electric motorcycles,30. What barriers prevent more riders from adopting electric motorcycles? /High cost of charging/swapping,30. What barriers prevent more riders from adopting electric motorcycles? /Lack of adequate charging/swap stations,30. What barriers prevent more riders from adopting electric motorcycles? /Limited awareness,30. What barriers prevent more riders from adopting electric motorcycles? /Maintenance concerns,30. What barriers prevent more riders from adopting electric motorcycles? /Resale challenges,30. What barriers prevent more riders from adopting electric motorcycles? /Battery concerns,30. What barriers prevent more riders from adopting electric motorcycles? /Lack of technicians,30. What barriers prevent more riders from adopting electric motorcycles? /Other (specify),55. Was your complaint resolved satisfactorily ?,"59a. If yes in Q59, was the incident reported?","60a. If Yes, was the incident reported?",_index,
,"Thika Road corridor (Kasarani, Githurai)",,,,,,,,,,OILCOM THIKA ROAD,Bodaboda rider,25-34,Secondary complete,Male ,THIKA ROAD,Roysambu,,1–3 years,,,5-6 days a week,50-100 km,More than thrice a day,NGONG ROAD TOTAL,,,2–5 km,2-5 minutes,Unreliable,Sometimes,,JOGOO ROAD/LANGATA,Accessible,,OILCOM BATTERY HUB DOES NOT HAVE ENOUGH BATTERIES IN THAT( IT IS FIRST COME SERVE OR ONE IS GIVEN A BATTERY THAT IS NOT FULLY CHARGED),Partially ,,,,,,,,,,,GOOD,,Average,Average,Good,Good,Good,,,,,,,,,,,,,,"BECAUCE OF THE CHALLENGES WE ARE FACING E.G FAULTY BATTERIES,NO ENOUGH SWAP STATIONS",THE DEPOSIT WAS ADEQUATELY CHEAP AND UBER APP WAS ELECTRIC MOTORCYCLES,,,,,,,,,,,,Not aware ,SWAPP COST TO BE CHEAP AND BIKE COST TO BE CHEAP,,No,Yes,Yes,Yes,Slowly,,No,No,No,No,,No ,No ,Yes ,Yes ,,No,No,Yes,No,No,Yes,Yes,A FAULTY BATTERY INSTANTLY SWITCHES OF THE BIKE,,Yes ,Yes ,,,No,No,No,No,No,,,,,"ENOUGH BATTERIES,REDUCE COST OF AQUISATION,SPARE PARTS COST REDUCTION","IMPROVE ON COST OF SWAPPING ,ACTIVATE STATIONS LISTED AS OFFLINE","NGONG ROAD,WESTLANDS",10:35:00.000+03:00,Yes,VERY AWARE OF THE CHALLENGES HE IS EXPERIENCING AS A RIDER,-1.23183 36.876004 1613.5999755859375 28.10300064086914,-1.23183,36.876004,1613.599976,28.10300064,No,Lease to own (paying a loan),Other (specify),Yes,Yes,Yes ,Reliability of service,0,0,0,0,1,Other (specify),Faulty batteries Quick battery drainage Few charging/swapping stations Unreliable swapping stations Not enough batteries in swapping stations,1,1,0,1,1,1,0,No,Resale challenges Battery concerns,0,0,0,0,0,1,1,0,0,Yes ,,,5,1
Nairobi CBD (Ngara Hub/Rubis stations/Total Energy stations),,,,Near night-time economy zone,0,0,0,0,1,0,Ronald Ngala OTC,Bodaboda rider,25-34,Secondary complete,Male ,CBD,Kamukunji,,1–3 years,,,5-6 days a week,150-200 km,Twice a day,OTC,,,Less than 1 km,2-5 minutes,reliable ,Rarely,,Total Joska,Accessible,,Kilimani long waiting time,Fully,,,,,,,,,,,They handled it well,,Good,Very Good,Good,Good,Good,,,,,,,,,,,,,Has many swap stations,,To save more,,,,,,,,,,,,Not aware ,Reduce tax on electric bikes,,Yes,No,No,No,Very quickly,,No,Yes ,Yes ,No,,No ,No ,Yes ,Yes ,,Yes,No,,Yes,No,Yes,Yes,The bike is stable,,Yes ,Yes ,,,Yes ,No,Yes ,No,No,,,,,They are safe as most are in petrol stations,They should improve on spare parts availability.,No they are enough,10:15:00.000+03:00,Yes,Rider is well informed.,-1.284603 36.830741 1659.006 3.75600004196167,-1.284603,36.830741,1659.006,3.756000042,Yes,Lease to own (paying a loan),Accessible,Yes,Yes,Yes ,Battery quality,1,0,0,0,0,More profit than ICE motorcycles,Faulty batteries,1,0,0,0,0,0,0,Yes,Limited awareness,0,0,0,1,0,0,0,0,0,Yes ,,,6,2
Nairobi CBD (Ngara Hub/Rubis stations/Total Energy stations),,,,Near night-time economy zone,0,0,0,0,1,0,OTC,Bodaboda rider,35-44,Secondary complete,Male ,,Kamukunji,,Less than 1 year,,,Daily,150-200 km,Thrice a day,OTC,,,Less than 1 km,2-5 minutes,reliable ,Rarely,,Shujaa mall,Very accessible,,Even today Mkataba had a long line,Partially ,,,,,,,,,,,Well,,Average,Good,Good,Very Good,Good,,,,,,,,,,,,,Reliable,,Save more money,,,,,,,,,,,,Not aware ,Have dedicated e-bikes drop zone in cbd,,No,No,No,Yes,Somewhat quickly,,No,Yes ,Yes ,No,,No ,No ,Yes ,Yes ,,No,Yes,Yes,Yes,No,Yes,Yes,,,Yes ,Yes ,,,No,No,Yes ,No,No,,,,,Have higher capacity batteries,No,Eastlands like Greenspan.,10:50:00.000+03:00,Yes,No,-1.284536 36.830673 1662.073 1.6619999408721924,-1.284536,36.830673,1662.073,1.661999941,Yes,Lease to own (paying a loan),Not crowded,Yes,Yes,Yes ,,,,,,,More profit than ICE motorcycles,Other (specify),0,0,0,0,0,0,1,Yes,Maintenance concerns,0,0,0,0,1,0,0,0,0,Yes ,,,7,3
Nairobi CBD (Ngara Hub/Rubis stations/Total Energy stations),,,,,,,,,,,OILCOM THIKA ROAD,Bodaboda rider,25-34,University complete,Male ,OILCOM THIKA ROAD,Roysambu,,Less than 1 year,,,Daily,100-150 km,Thrice a day,OILCOM THIKA ROAD,,,2–5 km,1 minute or less,reliable ,Sometimes,,"KASARANI,ALFAKEER,KAHAWA WEST",Somewhat accessible,,,Partially ,,,,,,,,,,,GOOD,,Average,Average,Good,Good,Average,,,,,,,,,,,,,PROFIT OF WORK,,"REFERAL, EMPLOYMENT OPPORTUNITY",,,,,,,,,,,,Not aware ,BATTERY PERCENTAGE INCRIMENT(LIFE AND EXPENTANCY),,No,No,Yes,Yes,Slowly,,No,No,Yes ,No,,No ,No ,Yes ,Yes ,,Yes,Yes,Yes,Yes,No,Yes,Yes,,,Yes ,No,,,No,Yes ,Yes ,No,No,,,,,IMPROVE ON THE QUALITY OF BAYTERY(LIFE AND ACCESSIBILITY),ACQUISATION COST TO BE CHEAP,"WESTLANDS,KILIMANI,NGONG ROAD,KAHAWA WEST",11:27:00.000+03:00,Yes,KNOWLEDGEABLE ON KEY AREAS THAT NEED IMPROVEMENT FOR THEIR BETTERMENT AND ARC RIDE SERVICES IN GENERAL,-1.231877 36.875822 1613.5999755859375 12.755000114440918,-1.231877,36.875822,1613.599976,12.75500011,No,Lease to own (paying a loan),Accessible,Yes,No,Yes ,Reliability of service,0,0,0,0,1,More profit than ICE motorcycles,Faulty batteries Quick battery drainage,1,1,0,0,0,0,0,Yes,High cost of electric motorcycles Lack of adequate charging/swap stations,1,0,1,0,0,0,0,0,0,,,,8,4
Upper Hill (Watu Credit headquarters),,,,Near a bus stage/stop,0,0,0,1,0,0,UPPER HILL,Bodaboda rider,25-34,Secondary incomplete,Male ,MAKADARA,Makadara,,1–3 years,,,Daily,50-100 km,More than thrice a day,DONHOLM,,,2–5 km,15-30 minutes,Very reliable,Rarely,,UPPERHILL,Accessible,,,Partially ,,,,,,,,,,,,,Average,Good,Good,Average,Good,,,,,,,,,,,,,THEY SAVE MONEY,,It saves time,,,,,,,,,,,,Yes,,,Yes,No,No,No,Quickly,,No,No,Yes ,No,,No ,No ,Yes ,Yes ,,Yes,No,Yes,Yes,No,No,No,RELIABILITY,,No,No,,,Yes ,No,Yes ,No,No,,,,,ADDING MORE SWAP STATIONS,NO,KAYOLE,11:16:00.000+03:00,Yes,THE RIDER WAS COOPERATIVE,-1.301578 36.820868 1680.4000244140625 40.35200119018555,-1.301578,36.820868,1680.400024,40.35200119,Yes,Lease to own (paying a loan),Not crowded,Yes,No,No,,,,,,,More profit than ICE motorcycles,Quick battery drainage,0,1,0,0,0,0,0,Yes,High cost of charging/swapping,0,1,0,0,0,0,0,0,0,,,,9,5
Nairobi CBD (Ngara Hub/Rubis stations/Total Energy stations),,,,,,,,,,,OILCOM THIKA ROAD,Bodaboda rider,25-34,Secondary complete,Male ,THIKA ROAD,Roysambu,,1–3 years,,,Daily,200-250 km,More than thrice a day,NDEMI ROAD KILIMANI,,,2–5 km,1 minute or less,Very reliable,Sometimes,,GREEN CYCLE LAVINGTON,Accessible,,,Partially ,,,,,,,,,,,Good,,Average,Average,Good,Good,Good,,,,,,,,,,,,,ACCASIBILITY,,CHEAPER THAN THE PETROL BIKES,,,,,,,,,,,,Not aware ,"SPARE PARTS, AMOUT OF CHARGING,IMPROVE BATTETY",,No,Yes,Yes,Yes,Somewhat quickly,,No,No,Yes ,No,,No ,No ,Yes ,Yes ,,Yes,Yes,Yes,Yes,No,Yes,Yes,CONTROL MECHANISMS ARE GOOD WHILE USING THE BIKE,,Yes ,Yes ,,,Yes ,Yes ,Yes ,No,No,,,,,"BATTERY LIFE, REDUCE ON AQUISATION COST",IMROVE GENERALLY ON YOUR BATTERIES,"RUAKA,KAMGEMI,LAVINGTON",11:57:00.000+03:00,Yes,THEIR IS AN URGENT NEED TO IMPROVE ON BATTERY LIFE FROM THE RIDERS PERSPECTIVE SO AS TO IMPROVE ON KILOMETERS THAT CAN BE COVERED,-1.231872 36.875947 1613.5999755859375 29.2189998626709,-1.231872,36.875947,1613.599976,29.21899986,No,Lease to own (paying a loan),Enough batteries,Yes,Yes,Yes ,Battery quality,1,0,0,0,0,Environmentally friendly,Faulty batteries Quick battery drainage,1,1,0,0,0,0,0,Yes,High cost of charging/swapping,0,1,0,0,0,0,0,0,0,Yes ,,,10,6
Nairobi CBD (Ngara Hub/Rubis stations/Total Energy stations),,,,,,,,,,,OILCOM THIKA ROAD,Bodaboda rider,25-34,College complete ,Male ,KASARANI,Kasarani,,Less than 1 year,,,5-6 days a week,50-100 km,Thrice a day,OILCOM THIKA ROAD,,,2–5 km,2-5 minutes,Very reliable,Rarely,,KIAMBU,Very accessible,,RIDERS ARE ALOT BUT NOT ENOUGH BATTERIES,Fully,,,,,,,,,,,Good,,Good,Average,Good,Good,Average,,,,,,,,,,,,,"GOOD QUALITY SERVICE,MORE PROFIT AS COMARED TO PETROL BIKES",,"REFERRAL FROM FRIENDS, IT IS MORE ECOMOMICAL ON TERMS OF PROFIT",,,,,,,,,,,,Not aware ,"LOWER THE DEPOSIT OF ACQUIRING AN E-BIKE, DO MORE AWARENESS CAMPAIGNS FOR FAMILIRIALITY",,Yes,Yes,Yes,Yes,Slowly,,No,No,Yes ,Yes ,,No ,Yes ,Yes ,Yes ,,No,No,Yes,Yes,,,,THEY HAVE GOOD QUALITY PRODUCTS AND SERVICES,,Yes ,Yes ,,,No,Yes ,Yes ,No,No,,,,,IMPROVE ON BATTERY QUALITY,EDUCATION TO IMPROVE ON AWARENESS,"BABADOGO,KAWANGWARE,KIAMBU ROAD",13:27:00.000+03:00,Yes,KEEN TO SAY THEY SHOULD CREATE MORE AWARENESS,-1.231833 36.875836 1613.5999755859375 30.27400016784668,-1.231833,36.875836,1613.599976,30.27400017,No,Lease to own (paying a loan),Good customer service,Yes,Yes,Yes ,Battery quality,1,0,0,0,0,More profit than ICE motorcycles,Faulty batteries Quick battery drainage,1,1,0,0,0,0,0,Yes,Limited awareness,0,0,0,1,0,0,0,0,0,Yes ,,,11,7
Nairobi CBD (Ngara Hub/Rubis stations/Total Energy stations),,,,,,,,,,,OILCOM THIKA ROAD,Bodaboda rider,25-34,College incomplete,Male ,EMBAKASI EAST,Embakasi East,,1–3 years,,,5-6 days a week,150-200 km,More than thrice a day,TOTAL EMBAKASI,,,2–5 km,1 minute or less,reliable ,Rarely,,SHUJAA MALL,Very accessible,,SOME RIDERS ARE COMPETING THE FULLY CHARGED BATTERIES,Partially ,,,,,,,,,,,Very Good,,Average,Average,Average,Average,Good,,,,,,,,,,,,,"GOOD SERVICES,THE E- BIKES ARE MORE SAFE⁹",,"THE SPEED IS REGULATED THAT ENSURES ONE TO HAVE DISCIPLINE ON THE ROAD , IT MORE SAFER AS COMPARED TO PETROL BIKES",,,,,,,,,,,,Yes,REDUCE THE LEASE CONTRACT( IT BECOMES MORE GENUINE)E),,No,Yes,Yes,Yes,Very slowly,,No,Yes ,Yes ,No,,No ,No ,Yes ,Yes ,,Yes,No,Yes,Yes,No,Yes,No,SAFETY AWARENESS WAS CLEARLY LAID OUT,,Yes ,Yes ,,,,Yes ,Yes ,No,No,,,,,IMPROVE ON CUSTOMER SERVICE INCASE A COMPLAINT IS LODGED,,"MIHANGO UTAWALA,UMOJA,CBD AREAS,UPPERHILL",14:00:00.000+03:00,Yes,VERY KNOWLEDGEABLE ON ARC RIDE SERVICES,-1.231871 36.875959 1613.5999755859375 19.781999588012695,-1.231871,36.875959,1613.599976,19.78199959,No,Lease to own (paying a loan),Not crowded,Yes,Yes,Yes ,Reliability of service,0,0,0,0,1,Environmentally friendly,Faulty batteries Quick battery drainage,1,1,0,0,0,0,0,Yes,Limited awareness Battery concerns,0,0,0,1,0,0,1,0,0,Partially ,,,12,8
Upper Hill (Watu Credit headquarters),,,,Near a bus stage/stop,0,0,0,1,0,0,Watu credit headquarters,Bodaboda rider,25-34,Secondary complete,Male ,UPPERHILL,Makadara,,1–3 years,,,5-6 days a week,200-250 km,More than thrice a day,WESTLANDS,,,Less than 1 km,2-5 minutes,Very reliable,Often,,DANDORA,Very accessible,,,Not at all ,,,,,,,,,,,"I called, they resolved and I exchanged the battery",,Poor,Very Good,Good,Very Good,Very Good,,,,,,,,,,,,,The bike is flexible and easy to maintain,,Previous ICE motorbike was stolen and opted for electric,,,,,,,,,,,,Not aware ,Increase battery capacity,,No,No,Yes,No,Quickly,,No,Yes ,Yes ,No,,No ,No ,No ,Yes ,,Yes,No,Yes,Yes,No,No,No,AVAILABILITY OF CCTV CAMERAS,,Yes ,Yes ,,,Yes ,Yes ,Yes ,No,No,,,,,Provide seperate washroom facilities,,"CBD, UPPER HILL, TATU CITY",11:00:00.000+03:00,Yes,RIDER WAS VERY COOPERATIVE,-1.301501 36.820962 1680.5 26.823999404907227,-1.301501,36.820962,1680.5,26.8239994,Yes,Lease to own (paying a loan),Not crowded,Yes,No,Yes ,Battery quality,1,0,0,0,0,More profit than ICE motorcycles,Faulty batteries Quick battery drainage Few charging/swapping stations Not enough batteries in swapping stations,1,1,0,1,0,1,0,Yes,Battery concerns,0,0,0,0,0,0,1,0,0,Yes ,,,13,9
Upper Hill (Watu Credit headquarters),,,,Near a bus stage/stop,0,0,0,1,0,0,UPPERHILL (WATU CREDIT HEADQUARTERS),Bodaboda rider,18–24,Secondary complete,Male ,UPPERHILL,Makadara,,Less than 1 year,,,Daily,100-150 km,Thrice a day,KMALL KOMAROK,,,Less than 1 km,1 minute or less,Very reliable,Rarely,,DONHOLM,Accessible,,IT WAS A FAULTY BATTERY,Not at all ,,,,,,,,,,,TECHNICIAN PHYSICALLY SOLVED THE ISSUE,,Good,Good,Good,Good,Good,,,,,,,,,,,,,More profit than ICE motorcycles,,More profit than ICE motorcycles,,,,,,,,,,,,Not aware ,,,Yes,No,Yes,No,Quickly,,No,Yes ,Yes ,No,,No ,No ,Yes ,Yes ,,,Yes,Yes,Yes,No,No,No,THEY ARE PATIENT WITH REPAYMENT,,No,Yes ,,,Yes ,Yes ,Yes ,No,No,,,,,THE SERVICES ARE GOOD,NONE,KMALL KOMAROK,11:45:00.000+03:00,,,-1.301522 36.82093 1680.5 21.518999099731445,-1.301522,36.82093,1680.5,21.5189991,Yes,Lease to own (paying a loan),Not crowded,Yes,Yes,Yes ,Battery quality,1,0,0,0,0,More profit than ICE motorcycles,Faulty batteries,1,0,0,0,0,0,0,Yes,Limited awareness,0,0,0,1,0,0,0,0,0,Yes ,,,14,10
,"Thika Road corridor (Kasarani, Githurai)",,,,,,,,,,Oilcom Thika road,Bodaboda rider,25-34,College complete ,Male ,"Menelik, Ngong road",Dagoreti North,,1–3 years,,,5-6 days a week,200-250 km,Thrice a day,"Yaya swap station, Dagoretti North",,,2–5 km,2-5 minutes,reliable ,Rarely,,"Menelik, Ngong road closes on sunday",Very accessible,,Sometimes we are many in a station and batteries are few so when this happens you have to remove your battery to charge sometimes for 1and a half hours. It has happened twice in a span of 23 months,Partially ,,,,,,,,,,,Most batteries are faulty and drain power. The issue was the battery code was not matching mine. They handled after I contacted Arc Ride whatsapp group. It took the whole day,,Average,Average,Very Poor,Good,Very Good,,,,,,,,,,,,,They repair motorbike quickly and when you don't have money for the motorbike parts you are allowed to pay slowly,NA,Petrol price has gone up and with Petrol you can't go long distance compared to when you have charged,,,,,,,,,,,,Yes,Make the prices on apps for electric motorbikes good for riders,,Yes,Yes,Yes,No,Somewhat quickly,,No,No,Yes ,No,,No ,Yes ,Yes ,Yes ,,No,No,No,Yes,No,No,Yes,,,No,No,,,No,Yes ,Yes ,No,No,,,,,Increase swapping stations and also repair faulty batteries,,"Add more Ngong road, Thika road and Ongata Rongai",,,The rider stated that he not aware of a grievance redress mechanism but in case harrassed he know where Arc Ride offices are and can go there to report. He also stated that he has never received safety training from Arc Ride but from GreenWheels,-1.231696 36.87627 1612.800048828125 24.899999618530273,-1.231696,36.87627,1612.800049,24.89999962,No,Lease to own (paying a loan),Accessible,Yes,Yes,Yes ,Battery quality,1,0,0,0,0,More profit than ICE motorcycles,Faulty batteries Quick battery drainage Other (specify),1,1,0,0,0,0,1,Yes,Limited awareness Battery concerns Lack of technicians,0,0,0,1,0,0,1,1,0,,,,15,11
,"Thika Road corridor (Kasarani, Githurai)",,,,,,,,,,Oilcom Thika road,Bodaboda rider,25-34,Secondary incomplete,Male ,Ngara,Starehe,,1–3 years,,,Daily,200-250 km,Thrice a day,Ngara,,,5–10 km,2-5 minutes,reliable ,Rarely,,Ngara station on a Saturday at 3pm,Accessible,,Sometimes battery are few and they are not fully charged,Partially ,,,,,,,,,,,,,Good,Good,Good,Very Good,Good,,,,,,,,,,,,,When you have an issue with police GreenWheels can come and intervene,,To increase my earnings,,,,,,,,,,,,Not aware ,Government should regulate the app prices to help increase our earnings as riders,,Yes,Yes,Yes,No,Slowly,,No,No,Yes ,No,,No ,No ,Yes ,Yes ,,No,Yes,Yes,Yes,No,Yes,Yes,,,No,No,,,No,Yes ,No,No,No,,,,,Increase batteries at stations  and increase maintenance hubs since the battery swapping stations/cabinets  are many,Repair faulty batteries quickly,"Kimbo estate, Juja area, Kiambu",11:15:00.000+03:00,Yes,The battery sometimes doesn't last long as expected,-1.231702 36.876284 1613.0999755859375 42.5,-1.231702,36.876284,1613.099976,42.5,No,Lease to own (paying a loan),Accessible,Yes,Yes,No,,,,,,,More profit than ICE motorcycles,Faulty batteries Few charging/swapping stations Not enough batteries in swapping stations,1,0,0,1,0,1,0,Yes,Lack of adequate charging/swap stations Maintenance concerns Resale challenges,0,0,1,0,1,1,0,0,0,,,,16,12
,"Thika Road corridor (Kasarani, Githurai)",,,,,,,,,,Oilcom Thika road,Bodaboda rider,25-34,Secondary complete,Male ,Kilimani,Dagoreti North,,1–3 years,,,Daily,200-250 km,Thrice a day,Kilimani at 63 Mall,,,Less than 1 km,2-5 minutes,reliable ,Rarely,,Quickmart Kilimani station on a Saturday at 3pm but should close at 5pm,Accessible,,Waited for long as there was no electricity and there was a queue.bon the queue waited for 15 minutes,Partially ,,,,,,,,,,,You take 2 batteries at a time and sometimes one battery gives the other shock when faulty especially the old batteries,,Average,Average,Good,Good,Average,,,,,,,,,,,,,Arc Ride motorbike has 2 batteries and if my battery has an issue I can lend from another rider,,Increase my earnings and also environment friendly,,,,,,,,,,,,Not aware ,Increase awareness on electric motorbikes,,No,Yes,Yes,Yes,Somewhat quickly,,No,Yes ,Yes ,No,,No ,No ,Yes ,Yes ,,Yes,Yes,Yes,Yes,No,Yes,Yes,,,No,No,,,,,,,,,,,,"Reduce prices of spare parts, repair faulty batteries more quickly",Repair faulty batteries quickly,"Satellite area, Southern by pass add a cabinet/swapping station and at Kabiria in Dagoretti North,",12:00:00.000+03:00,Yes,None,-1.231701 36.876283 1613.0999755859375 45.599998474121094,-1.231701,36.876283,1613.099976,45.59999847,No,Lease to own (paying a loan),Good customer service,Yes,Yes,Yes ,Battery quality,1,0,0,0,0,More profit than ICE motorcycles,Faulty batteries Quick battery drainage Few skilled technicians,1,1,1,0,0,0,0,Yes,Limited awareness Maintenance concerns Resale challenges,0,0,0,1,1,1,0,0,0,,,,17,13
,"Thika Road corridor (Kasarani, Githurai)",,,,,,,,,,Oilcom Thika road,Bodaboda rider,25-34,College complete ,Male ,Racecourse on Ngong road,Dagoreti North,,Less than 1 year,,,Daily,200-250 km,Thrice a day,Oilcom Westlands,,,Less than 1 km,10–15 minutes,reliable ,Sometimes,,Oilcom Thika road at 8pm on Friday,Accessible,,Had to wait for the battery to be fully charged,Partially ,,,,,,,,,,,The issue was on dashboard display was not working and also many times onbattery was faulty at the cabinets though sometimes at hubwas 100 percent then drained. Call customer care when faulty to lock but when you return next rider gets the faulty batteries especially during weekends. Thus we fear old batteries,,Poor,Average,Good,Good,Good,,,,,,,,,,,,,"Arc Ride motorbike you get more earnings, the bike is also stable and cheaper maintenance compared to ICE motorbike",,To reduce expense on fuel and maintenance,,,,,,,,,,,,Not aware ,Increase charging or battery swapping stations,,No,No,Yes,Yes,Slowly,,No,Yes ,Yes ,No,,No ,No ,Yes ,Yes ,,No,No,,Yes,No,Yes,Yes,,,No,No,,,,,,,,,,,,Improve battery quality and increase battery swapping stations,Increase repair time for faulty batteries,"Thika, Kiserian, Karen",13:00:00.000+03:00,Yes,,-1.231606 36.876103 1613.0999755859375 9.5,-1.231606,36.876103,1613.099976,9.5,No,Own,Other (specify),Yes,Yes,Yes ,Battery quality,1,0,0,0,0,More profit than ICE motorcycles,Faulty batteries Quick battery drainage Not enough batteries in swapping stations,1,1,0,0,0,1,0,Yes,Lack of adequate charging/swap stations Limited awareness Battery concerns,0,0,1,1,0,0,1,0,0,,,,18,14
,,TRM,,Near night-time economy zone,0,0,0,0,1,0,TRM,Delivery rider,45 and above ,Secondary complete,Male ,Westlands,Westlands,,4–5 years,,,5-6 days a week,250-300 km,More than thrice a day,Ngara,,,Less than 1 km,2-5 minutes,reliable ,Rarely,,Argwing Kosgei and Lavington found it had been closed they should have provided notice,Very accessible,,In December last year there weren't enough batteries in all stations,Partially ,,,,,,,,,,,Dashboard went off and battery faulty couldn't wait for customer care to respond so went and swapped again thus incurred more cost,,Average,Average,Good,Good,Good,,,,,,,,,,,,,,,Can't tell because it's company owned but I guess it was to reduce cost on fuel,,,,,,,,,,,,Not aware ,Reduce swapping stations and increase battery swapping stations,,No,Yes,Yes,Yes,Slowly,,No,Yes ,Yes ,No,,No ,No ,Yes ,Yes ,,No,Yes,Yes,Yes,No,Yes,Yes,,,Yes ,No,,,No,No,Yes ,No,No,,,,,Call all riders for training on good conduct and safety riding,Improve on faulty batteries,"Ruiru, Lavington and Gigiri",13:15:00.000+03:00,Yes,,-1.231728 36.876035 1612.800048828125 14.100000381469727,-1.231728,36.876035,1612.800049,14.10000038,Yes,Company-owned,Good customer service,Yes,Yes,Yes ,Battery quality,1,0,0,0,0,Environmentally friendly,Faulty batteries Quick battery drainage Not enough batteries in swapping stations,1,1,0,0,0,1,0,Yes,High cost of electric motorcycles Maintenance concerns Battery concerns,1,0,0,0,1,0,1,0,0,,,,19,15
,"Thika Road corridor (Kasarani, Githurai)",,,,,,,,,,Oilcom Thika road,Bodaboda rider,25-34,University complete,Male ,Kariobangi South,Embakasi North,,1–3 years,,,Daily,200-250 km,Thrice a day,Kilimani,,,Less than 1 km,1 minute or less,reliable ,Rarely,,Northern by pass,Accessible,,Sometimes batteries don't have charge,Partially ,,,,,,,,,,,Faulty batteries so had to swap again,,Average,Average,Average,Good,,,,,,,,,,,,,,They have many swapping stations and their motorbike are stable on the road,,To reduce expense,,,,,,,,,,,,Not aware ,Bringing in electric motorbikes that are fast as ICE motorcycles,,No,No,Yes,Yes,Somewhat quickly,,No,Yes ,Yes ,No,,No ,No ,Yes ,Yes ,,No,Yes,Yes,Yes,No,No,Yes,,,Yes ,No,,,,,,,,,,,,Lack of enough batteries as most batteries are faulty,Provide quality batteries as many are faulty,"Kahawa Sukari, Kahawa Wendani and Githurai 44",13:45:00.000+03:00,Yes,,-1.23185 36.875987 1612.800048828125 17.600000381469727,-1.23185,36.875987,1612.800049,17.60000038,No,Lease to own (paying a loan),Accessible,Yes,Yes,Yes ,Battery quality,1,0,0,0,0,More profit than ICE motorcycles,Faulty batteries Quick battery drainage Few charging/swapping stations,1,1,0,1,0,0,0,Yes,Limited awareness Maintenance concerns Battery concerns,0,0,0,1,1,0,1,0,0,,,,20,16
,,TRM,,Near a market Near night-time economy zone,0,0,1,0,1,0,TRM,Delivery rider,25-34,University complete,Male ,Kangemi,Westlands,,Less than 1 year,,,Daily,250-300 km,More than thrice a day,Oilcom Westlands,,,5–10 km,2-5 minutes,reliable ,Never,,,Accessible,,The battery sometimes are not fully charged and have to wait,Partially ,,,,,,,,,,,The battery was draining quickly so had to pay for swapping again,,Average,Average,Good,Good,Good,,,,,,,,,,,,,An electric motorbikes you make more profit and at hubs you get free maintenance services,,To reduce operation cost,,,,,,,,,,,,No,Create more awareness on adaptability of ebikes and also allow drop and pick up points in highly populated areas especially Nairobi CBD,,No,No,Yes,Yes,Slowly,,No,Yes ,Yes ,No,,No ,No ,Yes ,Yes ,,No,Yes,Yes,Yes,No,Yes,Yes,,,Yes ,Yes ,,,No,No,Yes ,No,No,,,,,Improve battery quality,Provide training on motorbike handling and maintenance to riders,"Eastleigh, Westlands and Dagoretti corner",14:30:00.000+03:00,Yes,,-1.21861 36.895875 1652.4 9.300000190734863,-1.21861,36.895875,1652.4,9.300000191,Yes,Lease to own (paying a loan),Accessible,,Yes,Yes ,Battery quality,1,0,0,0,0,More profit than ICE motorcycles,Faulty batteries Quick battery drainage Few charging/swapping stations Not enough batteries in swapping stations,1,1,0,1,0,1,0,Yes,Limited awareness Resale challenges Battery concerns,0,0,0,1,0,1,1,0,0,Partially ,,,21,17
,,TRM,,Near a market Near night-time economy zone,0,0,1,0,1,0,TRM,Delivery rider,18–24,Secondary complete,Male ,Kayole,Embakasi North,,1–3 years,,,Daily,250-300 km,More than thrice a day,Oilcom Westlands,,,2–5 km,2-5 minutes,Neither reliable or unreliable (DNR this option),Sometimes,,Kayole at Be Energy Petrol station,Somewhat accessible,,Lacked enough batteries had to wait for almost 2 hours for other riders to swap and for it to charge,Partially ,,,,,,,,,,,Battery model  that was to be given to me was not available for swapping so I had to go to headquarters and they then swapped for me,,Poor,Average,Poor,Good,Average,,,,,,,,,,,,,,Spare parts are expensive and unavailable as well as the bike is the slowest electric motorbike.,The deposit was affordable and to increase earnings,,,,,,,,,,,,No,Government to ensure battery provided are of good quality and make spare parts cheaper,,No,Yes,Yes,Yes,Slowly,,No,Yes ,Yes ,No,,No ,No ,Yes ,Yes ,,No,Yes,Yes,No,No,Yes,Yes,,,Yes ,Yes ,,,No,No,No,No,No,,,,,"Provide quality batteries, increase charging/swapping stations",Make spare parts affordable,"Kasarani, Mombasa road and Utawala",15:00:00.000+03:00,Yes,,-1.218694 36.896069 1652.5 7.300000190734863,-1.218694,36.896069,1652.5,7.300000191,Yes,Lease to own (paying a loan),Accessible,Yes,Yes,Yes ,Battery quality,1,0,0,0,0,More profit than ICE motorcycles,Faulty batteries Quick battery drainage Few charging/swapping stations Not enough batteries in swapping stations,1,1,0,1,0,1,0,No,Lack of adequate charging/swap stations Maintenance concerns Battery concerns,0,0,1,0,1,0,1,0,0,Partially ,,,22,18
,,TRM,,Near a market Near night-time economy zone,0,0,1,0,1,0,TRM,Delivery rider,25-34,College complete ,Male ,Kasarani,Kasarani,,Less than 1 year,,,Daily,200-250 km,More than thrice a day,Ruiru at Ola Petrol station,,,2–5 km,2-5 minutes,Unreliable,Sometimes,,Kasarani around Naivas,Accessible,,It was on a weekend and mostly there apps are not working so had to go to a battery swapping stations/cabinet and the queue was long waited almost for 1 hour,Partially ,,,,,,,,,,,Battery was faulty and swapped again and had to pay again,,Average,Good,Very Poor,Average,Average,,,,,,,,,,,,,They have more swapping stations compared to other companies like Spiro.,,With electric bike would make more profit,,,,,,,,,,,,Yes,Make electric motorbikes spare parts affordable,,,,,,Very quickly,,No,Yes ,Yes ,No,,No ,No ,Yes ,Yes ,,Yes,No,Yes,Yes,No,No,Yes,,,No,Yes ,,,No,No,No,No,No,,,,,Make battery swapping stations operational for 24 hours,Improve battery quality,"Kasarani, Roysambu and Ruiru",15:15:00.000+03:00,Yes,,-1.218497 36.896257 1652.7 8.199999809265137,-1.218497,36.896257,1652.7,8.199999809,Yes,Lease to own (paying a loan),Accessible,Yes,Yes,Yes ,Battery quality,1,0,0,0,0,More profit than ICE motorcycles,Faulty batteries Quick battery drainage Few skilled technicians,1,1,1,0,0,0,0,Yes,Lack of adequate charging/swap stations Maintenance concerns Resale challenges,0,0,1,0,1,1,0,0,0,No,,,23,19
,,TRM,,Near a market Near night-time economy zone,0,0,1,0,1,0,TRM,Delivery rider,18–24,College incomplete,Male ,TRM,Kasarani,,Less than 1 year,,,5-6 days a week,150-200 km,Thrice a day,Oilcom Thika road,,,5–10 km,5–10 minutes,reliable ,Rarely,,Oilcom Thika road at 10pm,Accessible,,There were not enough batteries and had to wait for 30minutes,Partially ,,,,,,,,,,,Battery failed and they exchanged the battery,,Average,Average,Average,Average,Average,,,,,,,,,,,,,,The battery failures are too many,To save on cost,,,,,,,,,,,,Not aware ,,,No,No,Yes,Yes,Somewhat quickly,,No,Yes ,Yes ,No,,No ,No ,Yes ,Yes ,,Yes,No,,Yes,No,Yes,Yes,,,No,Yes ,,,Yes ,No,No,Yes ,No,,,,,Improve battery quality,,"Upper Hill, Kabete and Kimbo",14:15:00.000+03:00,Yes,,-1.218408 36.896067 1652.3000000000002 8.199999809265137,-1.218408,36.896067,1652.3,8.199999809,Yes,Lease to own (paying a loan),Not crowded,Yes,Yes,Yes ,Battery quality,1,0,0,0,0,More profit than ICE motorcycles,Faulty batteries Quick battery drainage Not enough batteries in swapping stations,1,1,0,0,0,1,0,No,High cost of electric motorcycles Limited awareness Battery concerns,1,0,0,1,0,0,1,0,0,Yes ,,,24,20
,,TRM,,,,,,,,,,,35-44,College incomplete,Male ,THIKA ROAD,Roysambu,,4–5 years,,,Daily,250-300 km,More than thrice a day,"OILCOM THIKA ROAD/WESTLANDS, APC WAIYAKI WAY",,,2–5 km,1 minute or less,Very reliable,Sometimes,,"NO TOKEN ON THAT DAY,BATTERIES WERE FAULTY ON THAT DAY",Very accessible,,NOT ENOUGH BATTERIES LEADING TO NO WORK ON THAT PARTICULAR DAY,Fully,,,,,,,,,,,IT WAS NOT HANDLED AT ALL UNTIL THE FOLLOWING DAY,,Average,Average,Very Poor,Poor,Average,,,,,,,,,,,,,THE PROFITS ARE RELATIVELY GOOD,,"CHEAPER ACQUISITION OF THE BIKE, CHEAPER MAINTENANCE,",,,,,,,,,,,,Yes,"ENSURE THE CALL LINE IS FREE OF CHARGE, BETTER CUSTOMER SERVICE, ENHANCE WORKING HOURS",,Yes,Yes,Yes,Yes,Slowly,,No,Yes ,Yes ,No,,No ,No ,Yes ,Yes ,,Yes,Yes,Yes,Yes,Yes,Yes,Yes,IT IS BETTER AS COMPARED TO THE REST,,No,Yes ,,,No,No,No,No,No,,,,,"EXTEND ON WORKING HOURS OF THE HUB, ENSURE BETTER CUSTOMER SERVICE",BRING CHEAPER SPARE PARTS AND MORE AVAILABLE AND BECAUSE OF THIS WE HAVE TO SOURCE OUTSIDE ARC RIDE,"MWIKI ROAD,KANGUNDO ROAD,GITHURAI 44",16:15:00.000+03:00,Yes,ENSURE THE CUSTOMER SERVICE IS ENHANCED,-1.218726 36.896293 1633.6000000000001 7.300000190734863,-1.218726,36.896293,1633.6,7.300000191,Yes,Own,Good customer service,Yes,Yes,Yes ,Reliability of service,0,0,0,0,1,Environmentally friendly,Faulty batteries Quick battery drainage,1,1,0,0,0,0,0,Yes,High cost of charging/swapping Limited awareness Battery concerns,0,1,0,1,0,0,1,0,0,No,,,25,21
,,TRM,,Near a market,0,0,1,0,0,0,TRM,Delivery rider,25-34,Secondary incomplete,Male ,Pipeline,Embakasi South,,1–3 years,,,Daily,150-200 km,Thrice a day,Donholm,,,2–5 km,2-5 minutes,reliable ,Rarely,,Quickmart at Hurlingham,Very accessible,,Lack of enough batteries in December 2025,Partially ,,,,,,,,,,,Battery was faulty and called customer service then adviced I go to neared battery swapping station,,Poor,Poor,Good,Very Good,Good,,,,,,,,,,,,,,The battery are mostly faulty and quick battery drainage,To increase earnings and reduce operation cost,,,,,,,,,,,,Not aware ,Reduce battery pricing and ensure batteries are of quality,,No,Yes,Yes,Yes,Slowly,,No,Yes ,Yes ,No,,No ,No ,Yes ,Yes ,,No,Yes,Yes,Yes,No,Yes,Yes,,,Yes ,Yes ,,,No,Yes ,Yes ,No,No,,,,,Provide battery that are not faulty and reduce battery swapping cost,Make spare parts affordable as they are expensive and make them available as well,Kitengela,16:30:00.000+03:00,Yes,,-1.218773 36.896225 1609.6000000000001 6.699999809265137,-1.218773,36.896225,1609.6,6.699999809,Yes,Lease to own (paying a loan),Enough batteries,Yes,Yes,Yes ,Battery quality,1,0,0,0,0,More profit than ICE motorcycles,Faulty batteries Quick battery drainage Few charging/swapping stations,1,1,0,1,0,0,0,No,High cost of electric motorcycles High cost of charging/swapping Battery concerns,1,1,0,0,0,0,1,0,0,Yes ,,,26,22
,,TRM,,Near night-time economy zone,0,0,0,0,1,0,TRM,Delivery rider,45 and above ,Secondary complete,Male ,Westlands,Westlands,,,,,Daily,250-300 km,More than thrice a day,,,,,,,,,,,,,,,,,,,,,,,,,,,,,,,,,,,,,,,,,,,,,,,,,,,,,,,,,,,,,,,,,,,,,,,,,,,,,,,,,,,,,,,,,,,,,,,,,,,,,,,,-1.21863 36.896067 1614.0999755859375 12.600000381469727,-1.21863,36.896067,1614.099976,12.60000038,Yes,Lease to own (paying a loan),,,,,,,,,,,,,,,,,,,,,,,,,,,,,,,,,,27,23
Westlands Hub (Oilcom Hub),,,,Near schools Near a market Near a bus stage/stop,1,0,1,1,0,0,Oilcom,Bodaboda rider,25-34,Secondary complete,Male ,Westlands,Westlands,,Less than 1 year,,,5-6 days a week,200-250 km,More than thrice a day,Ndumboini,,,2–5 km,5–10 minutes,Neither reliable or unreliable (DNR this option),Sometimes,,Ndumboini,Accessible,,Alot of swap cabinets are not working like uthiru and Ndumboini,Partially ,,,,,,,,,,,Well but it was normal service,,Average,Average,Good,Good,Average,,,,,,,,,,,,,,Bad battery experience,To save on fuel cost,,,,,,,,,,,,Not aware ,,,No,No,Yes,Yes,Somewhat quickly,,No,Yes ,Yes ,No,,No ,No ,Yes ,Yes ,,Yes,No,,Yes,No,No,Yes,I take care of myself,,Yes ,Yes ,,,Yes ,No,Yes ,No,No,,,,,"Improve batteries,make the swap locations accurate on the App and are visible. Make the stations reliable",,Along Waiyaki way.,16:45:00.000+03:00,Yes,,-1.265891 36.802723 1675.46 1.5750000476837158,-1.265891,36.802723,1675.46,1.575000048,Yes,Lease to own (paying a loan),Accessible,Yes,Yes,Yes ,,,,,,,Environmentally friendly,Faulty batteries Quick battery drainage,1,1,0,0,0,0,0,No,High cost of electric motorcycles Lack of adequate charging/swap stations Limited awareness,1,0,1,1,0,0,0,0,0,Yes ,,,28,24
Westlands Hub (Oilcom Hub),,,,Near a market Near a bus stage/stop Near night-time economy zone,0,0,1,1,1,0,Oilcom,Delivery rider,25-34,College complete ,Male ,Westlands,Westlands,,1–3 years,,,5-6 days a week,200-250 km,More than thrice a day,Dominos,,,Less than 1 km,2-5 minutes,Very reliable,Sometimes,,"Mirema,",Accessible,,Kilimani,Partially ,,,,,,,,,,,,,Average,Good,Good,Very Good,Average,,,,,,,,,,,,,Then bike is reliable,,To avoid high fuel cost,,,,,,,,,,,,No,To improve roads and public lighting,,No,No,Yes,Yes,Quickly,,No,Yes ,Yes ,No,,No ,No ,Yes ,Yes ,,Yes,No,,No,No,No,Yes,NAIROBI ROADS ARE UNSAFE,,Yes ,Yes ,,,Yes ,No,Yes ,No,No,,,,,Improve battery capacity,,Rongai,14:45:00.000+03:00,Yes,Good candidate to help fgd mobilisation,-1.263528 36.802611 1675.46 2.0409998893737793,-1.263528,36.802611,1675.46,2.040999889,Yes,Lease to own (paying a loan),Not crowded,Yes,Yes,No,,,,,,,Environmentally friendly,Faulty batteries Unreliable swapping stations Other (specify),1,0,0,0,1,0,1,Yes,High cost of electric motorcycles Battery concerns,1,0,0,0,0,0,1,0,0,Yes ,,,29,25
Westlands Hub (Oilcom Hub),,,,,,,,,,,Oilcom,Delivery rider,45 and above ,Primary complete,Male ,Westlands,Westlands,,1–3 years,,,5-6 days a week,150-200 km,More than thrice a day,Kawangware,,,2–5 km,5–10 minutes,reliable ,Sometimes,,Yaya,Accessible,,Batteries are not enough,Partially ,,,,,,,,,,,Minor  sprocket issue but was sorted quickly,,Good,Average,Average,Good,Average,,,,,,,,,,,,,You save more than with fuel bikes,,The bike is cheaper to maintain,,,,,,,,,,,,Not aware ,Police to stop harassing riders especially electric in town,,No,No,No,No,,,No,Yes ,Yes ,No,,No ,No ,Yes ,Yes ,,No,No,,Yes,No,Yes,Yes,Lack of safety is not arc ride specific,,Yes ,Yes ,,,No,Yes ,Yes ,No,No,,,,,Improve on number of batteries at the Kawangware station. Improve on customer care number,,Kikuyu road,13:30:00.000+03:00,,,-1.26572 36.803712 1683.866 1.8049999475479126,-1.26572,36.803712,1683.866,1.804999948,No,Own,Accessible,Yes,Yes,Yes ,,,,,,,More profit than ICE motorcycles,Other (specify),0,0,0,0,0,0,1,Yes,High cost of electric motorcycles Maintenance concerns,1,0,0,0,1,0,0,0,0,Yes ,,,30,26
Nairobi CBD (Ngara Hub/Rubis stations/Total Energy stations),,,,,,,,,,,Ngara hub,Bodaboda rider,25-34,College complete ,Male ,CBD,Starehe,,1–3 years,,,5-6 days a week,200-250 km,More than thrice a day,Mwihoko,,,2–5 km,5–10 minutes,Neither reliable or unreliable (DNR this option),Sometimes,,Mwihoko,Very accessible,,At mwihoko and Kilimani,Partially ,,,,,,,,,,,It was motor issue which was solved well.,,Average,Good,Good,Good,Good,,,,,,,,,,,,,It saves more than fuel bikes,,To save more,,,,,,,,,,,,Not aware ,,,No,Yes,Yes,Yes,Quickly,,No,Yes ,Yes ,No,,No ,No ,Yes ,Yes ,,No,Yes,Yes,Yes,No,Yes,Yes,,,Yes ,Yes ,,,No,No,Yes ,No,No,,,,,"Battery to perform better,spare parts prices to be lower.",Customer service to pick calls always,Around Kahawa Sukari and Mwihoko,12:30:00.000+03:00,Yes,The rider has received training from green wheels and not at arcade. His issues has been with motor not battery,-1.265712 36.803918 1674.665 1.468000054359436,-1.265712,36.803918,1674.665,1.468000054,No,Own,Accessible,Yes,Yes,Yes ,,,,,,,More profit than ICE motorcycles,Other (specify),0,0,0,0,0,0,1,Yes,Maintenance concerns,0,0,0,0,1,0,0,0,0,Yes ,,,31,27
Westlands Hub (Oilcom Hub),,,,Near schools Near a market Near a bus stage/stop Near night-time economy zone,1,0,1,1,1,0,Oilcom,Delivery rider,35-44,College complete ,Male ,Westlands,Westlands,,Less than 1 year,,,5-6 days a week,200-250 km,Thrice a day,Oilcom,,,2–5 km,5–10 minutes,reliable ,Sometimes,,Ngong road,Accessible,,Sometimes the queue is long in westlands,Partially ,,,,,,,,,,,Quickly,,Good,Good,Average,Good,,,,,,,,,,,,,,We get to save more and they have many swap stations,,To save on high fuel cost,,,,,,,,,,,,Not aware ,,,Yes,No,No,No,,,No,Yes ,Yes ,No,,No ,No ,Yes ,Yes ,,No,No,,Yes,No,Yes,Yes,I am a safe rider,,Yes ,No,,,No,No,Yes ,No,No,,,,,Increase batteries at the swap stations to match the hubs,,,14:00:00.000+03:00,Yes,,-1.265699 36.803773 1647.161 2.9509999752044678,-1.265699,36.803773,1647.161,2.950999975,Yes,Lease to own (paying a loan),Safe/secure ,Yes,Yes,Yes ,,,,,,,Environmentally friendly,Not enough batteries in swapping stations,0,0,0,0,0,1,0,Yes,High cost of charging/swapping Battery concerns,0,1,0,0,0,0,1,0,0,,,,32,28
Westlands Hub (Oilcom Hub),,,,,,,,,,,Oilcom,Bodaboda rider,35-44,College complete ,Female ,Westlands,Westlands,,Less than 1 year,,,5-6 days a week,200-250 km,Thrice a day,Oilcom,,,Less than 1 km,2-5 minutes,reliable ,Rarely,,Upperhill,Very accessible,,The cabines are not enough in a number of stations,Partially ,,,,,,,,,,,Well,,Poor,Good,Good,Good,Average,,,,,,,,,,,,,You save alot,,To save more money,,,,,,,,,,,,Not aware ,,,Yes,No,No,Yes,Very quickly,,No,Yes ,Yes ,No,,No ,No ,Yes ,Yes ,,No,Yes,Yes,Yes,No,Yes,Yes,,,Yes ,Yes ,,,No,Yes ,Yes ,No,No,,,,,The batteries range has become very low.needs improvement.,,,13:00:00.000+03:00,Yes,,-1.273616 36.818585 1654.5999755859375 2.4670000076293945,-1.273616,36.818585,1654.599976,2.467000008,,Lease to own (paying a loan),Accessible,Yes,Yes,Yes ,,,,,,,More profit than ICE motorcycles,Other (specify),0,0,0,0,0,0,1,Yes,Other (specify),0,0,0,0,0,0,0,0,1,Yes ,,,33,29
Nairobi CBD (Ngara Hub/Rubis stations/Total Energy stations),,,,Near night-time economy zone,0,0,0,0,1,0,Ngara,Bodaboda rider,25-34,Secondary complete,Male ,,Starehe,,1–3 years,,,5-6 days a week,250-300 km,More than thrice a day,OTC,,,2–5 km,2-5 minutes,reliable ,Rarely,,,Very accessible,,Not enough batteries in westlands,Partially ,,,,,,,,,,,Well on phone,,Average,Very Good,Good,Very Good,Good,,,,,,,,,,,,,Can help someone save more.,,To save more.,,,,,,,,,,,,Not aware ,No idea,,Yes,No,No,Yes,Quickly,,No,Yes ,Yes ,No,,No ,No ,Yes ,Yes ,,No,Yes,Yes,Yes,No,Yes,Yes,,,Yes ,Yes ,,,No,Yes ,Yes ,No,No,,,,,Not sure,Make sure the batteries do the 80 KMs communicated,Kilimani area,12:15:00.000+03:00,Yes,Rider has received training but from green wheels,-1.276756 36.820112 1654.5999755859375 1.621000051498413,-1.276756,36.820112,1654.599976,1.621000051,No,Lease to own (paying a loan),Accessible,No,Yes,Yes ,Battery quality,1,0,0,0,0,More profit than ICE motorcycles,Other (specify),0,0,0,0,0,0,1,Yes,High cost of electric motorcycles Maintenance concerns,1,0,0,0,1,0,0,0,0,Yes ,,,34,30
Nairobi CBD (Ngara Hub/Rubis stations/Total Energy stations),,,,Near night-time economy zone,0,0,0,0,1,0,OTC,Delivery rider,25-34,Secondary complete,Male ,Across Nairobi,Kamukunji,,1–3 years,,,Daily,150-200 km,Thrice a day,Westlands,,,Less than 1 km,2-5 minutes,reliable ,Sometimes,,Maktaba,Very accessible,,Long wait time,Fully,,,,,,,,,,,,,Good,Good,Good,Very Good,Good,,,,,,,,,,,,,The bikes save on energy making me more money.,,To save on fuel cost,,,,,,,,,,,,Not aware ,Regulate swapping rates,,Yes,No,No,Yes,Quickly,,No,Yes ,Yes ,No,,No ,No ,Yes ,Yes ,,Yes,No,,Yes,No,Yes,Yes,,,Yes ,Yes ,,,No,Yes ,Yes ,No,No,,,,,Have more batteries in the busy swap stations.,Reduce the swapping cost,No idea,11:30:00.000+03:00,,,-1.284526 36.830844 1644.9000244140625 24.39699935913086,-1.284526,36.830844,1644.900024,24.39699936,Yes,Lease to own (paying a loan),Accessible,Yes,Yes,No,,,,,,,Environmentally friendly,Quick battery drainage,0,1,0,0,0,0,0,Yes,High cost of electric motorcycles High cost of charging/swapping,1,1,0,0,0,0,0,0,0,Yes ,,,35,31
Nairobi CBD (Ngara Hub/Rubis stations/Total Energy stations),,,,Near schools,1,0,0,0,0,0,"NGARA HUB, BEHIND STIMA PLAZA",Delivery rider,25-34,University complete,Male ,KIAMBU,Starehe,,Less than 1 year,,,Daily,150-200 km,Thrice a day,"NGARA HUB, HURLINGHUM HUB",,,2–5 km,2-5 minutes,Very reliable,Rarely,,"HURLINGHUM HUB, AND A FEW CABINETS",Very accessible,,N/A,Partially ,,,,,,,,,,,IT WAS A WIRING MULTIFUNCTION FIXED AT CABANAS GREEN WHEELS,,Very Good,Very Good,Very Good,Very Good,Good,,,,,,,,,,,,,"EVS IS THE FUTURE, ARC RIDE IS GOOD BIKE",,SAVINGS COMPARED TO FUEL MOTOR BIKES,,,,,,,,,,,,Yes,TRAINING PEOPLE ON EVS USAGE AND PRIORITIZE SAFETY,,No,Yes,Yes,No,Very quickly,,No,Yes ,No,No,,No ,No ,Yes ,Yes ,,Yes,No,Yes,Yes,No,Yes,Yes,,,Yes ,Yes ,,,Yes ,Yes ,Yes ,Yes ,No,,NOT SURE IF THE COMPLAINT WAS FULLY HANDLED,,,"INCREASE THE NUMBER OF CABINET, HUBS, BATTERIES TO REDUCE IDLE TIME",TRAINING OF RIDERS BEFORE THEY ACQUIRE EBIKES,"WESTLANDS, KILIMANI",14:32:00.000+03:00,Yes,BODABODA AND DELIVERY UNDER UBER PLATFORM,-1.274356 36.819798 1649 1.7630000114440918,-1.274356,36.819798,1649,1.763000011,No,Lease to own (paying a loan),Enough batteries,Yes,No,Yes ,Customer service,0,0,1,0,0,More profit than ICE motorcycles,Quick battery drainage,0,1,0,0,0,0,0,Yes,Maintenance concerns Battery concerns Lack of technicians,0,0,0,0,1,0,1,1,0,Yes ,Yes ,No,36,32
Westlands Hub (Oilcom Hub),,,,,,,,,,,OIL COM WESTLANDS,Bodaboda rider,25-34,Primary complete,Male ,RUIRU,,,Less than 1 year,,,Daily,150-200 km,More than thrice a day,OLA ABC,,,2–5 km,More than 30 minutes,Unreliable,Often,,,Accessible,,,Partially ,,,,,,,,,,,,,Average,Average,Average,Average,Average,,,,,,,,,,,,,,,"MANY CLIENTS, NOT NOISY",,,,,,,,,,,,Not aware ,"REDUCED EBIKES MARKET PRICING, INCREASE SWAPPING CABINETS,",,Yes,No,Yes,No,Somewhat quickly,,No,Yes ,Yes ,No,,No ,No ,No ,Yes ,,No,Yes,Yes,Yes,Yes,No,Yes,IT IS LESS NOISY,,No,Yes ,,,No,No,No,Yes ,No,,,,,INSTALL BATTERY CABINETS IN ALL PETROL STATIONS,ASKED SECURITY OFFICERS GUARDING BATTERY CABINETS TO ALLOW RIDERS TO ACCESS BATTERIES IN THOSE LOCATIONS,"WESTLANDS,KAWANGWARE, LAVINGSTON",17:43:00.000+03:00,Yes,CABINETS ARE ON ONE SIDE OF THE ROAD,-1.265115 36.803734 1733.934 2.6689999103546143,-1.265115,36.803734,1733.934,2.66899991,Yes,Lease to own (paying a loan),Enough batteries,Yes,Yes,Yes ,Battery quality,1,0,0,0,0,More profit than ICE motorcycles,Faulty batteries Unreliable swapping stations Not enough batteries in swapping stations Other (specify),1,0,0,0,1,1,1,Yes,High cost of electric motorcycles Lack of technicians Other (specify),1,0,0,0,0,0,0,1,1,Partially ,Yes ,No,37,33
Westlands Hub (Oilcom Hub),,,,Near schools Near a bus stage/stop,1,0,0,1,0,0,OIL COM WESTLANDS,Bodaboda rider,25-34,College complete ,Male ,UMOJA ONE,Embakasi West,,Less than 1 year,,,Daily,100-150 km,Twice a day,DONHOLM,,,Less than 1 km,2-5 minutes,reliable ,Rarely,,DONHOLM HUB,Accessible,,EXPERIENCED BATTERY SHORTAGE ONCE,Partially ,,,,,,,,,,,N/A,,Good,Good,Good,Good,Good,,,,,,,,,,,,,CREATING EMPLOYMENT,,"SIDE HUSTLE, SOURCE OF LIVELIHOOD",,,,,,,,,,,,Yes,REDUCE SWAPPING FEE,,No,No,Yes,No,Slowly,,No,Yes ,Yes ,No,,No ,No ,Yes ,Yes ,,Yes,Yes,Yes,Yes,No,Yes,Yes,FLEXIBLE WHEN RIDING,,Yes ,Yes ,,,No,No,Yes ,No,No,,N/A,,N/A,AWARENESS CREATIONS,E,ESTABLISH MORE SWAPPING,18:15:00.000+03:00,Yes,HE VERY NEW IN THE EMOBILITY SECTOR,-1.26605 36.804416 1733.934 5.709000110626221,-1.26605,36.804416,1733.934,5.709000111,Yes,Lease to own (paying a loan),Accessible,Yes,Yes,No,,,,,,,Environmentally friendly,Quick battery drainage,0,1,0,0,0,0,0,Yes,High cost of electric motorcycles Limited awareness Maintenance concerns,1,0,0,1,1,0,0,0,0,Yes ,No,,38,34
Westlands Hub (Oilcom Hub),,,,Near schools Near a bus stage/stop,1,0,0,1,0,0,OIL COM WESTLANDS,Bodaboda rider,25-34,Secondary complete,Male ,WESTLANDS,Westlands,,1–3 years,,,Daily,200-250 km,More than thrice a day,OIL COM WESTLANDS,,,2–5 km,2-5 minutes,reliable ,Sometimes,,ABC,Accessible,,WAITING FOR BATTERIES TO CHARGE OR WHEN THE QUEUES ARE LONG,Partially ,,,,,,,,,,,SERVICING AND REPLACEMENT OF PARTS,,Average,Good,Good,Good,Average,,,,,,,,,,,,,"GOOD QUALITY BIKES, GOOD SERVICE",,"AFFORDABLE, NOT NOISY",,,,,,,,,,,,Yes,AFFORDABILITY OF ELECTRIC BIKES,,No,Yes,Yes,Yes,Slowly,,Yes ,Yes ,Yes ,No,,No ,No ,Yes ,Yes ,,No,Yes,Yes,Yes,No,Yes,No,,,Yes ,Yes ,,,Yes ,Yes ,No,No,No,,N/A,,,"INCREASE THE NUMBER OF BATTERY CABINETS, REDUCE SPARE PARTS COST, HUBS SHOULD OPERATE 24 HOURS",INCREASE THE NUMBER OF BATTERIES,"WAIYAKI WAY, OLA PEPONI ROAD",19:02:00.000+03:00,Yes,,-1.265585 36.803521 1459.725 4.9039998054504395,-1.265585,36.803521,1459.725,4.903999805,No,Lease to own (paying a loan),Enough batteries,Yes,Yes,Yes ,Customer service,0,0,1,0,0,Environmentally friendly,Faulty batteries Quick battery drainage Other (specify),1,1,0,0,0,0,1,Yes,Lack of adequate charging/swap stations Maintenance concerns Battery concerns,0,0,1,0,1,0,1,0,0,Yes ,No,No,39,35
Westlands Hub (Oilcom Hub),,,,,,,,,,,OIL COM WESTLANDS,Bodaboda rider,35-44,Secondary complete,Male ,IMARA DAIMA,Embakasi South,,1–3 years,,,Daily,150-200 km,More than thrice a day,IMARA DAIMA,,,Less than 1 km,1 minute or less,reliable ,Sometimes,,N/A,Accessible,,LACK OF BATTERY WITH FULL CHARGE IN SOME CABINET,Partially ,,,,,,,,,,,BREAK ISSUE DISPLAYED ON THE SCREEN,,Average,Poor,Poor,Good,Average,,,,,,,,,,,,,EBIKES ARE PROFITABLE,,"OPTION OF USING ONLINE APP, EBIKES ARE MORE PREFERRED",,,,,,,,,,,,Not aware ,INCREASE SAFETY OF EBIKES USERS,,No,Yes,Yes,Yes,Quickly,,No,Yes ,Yes ,No,,No ,No ,No ,Yes ,,No,No,Yes,Yes,No,Yes,Yes,N/A,,Yes ,Yes ,,,No,Yes ,Yes ,Yes ,No,,,,,"REDUCE BATTERY COSTS, REDUCE EBIKES PRICES",INCREASE NUMBER OF BATTERIES,"HURLINGHUM, LIMURU ROAD, KILIMANI",19:54:00.000+03:00,Yes,LAVINGTON HAS NO BATTERY CABINET,-1.265441 36.803626 2021.183 3.052000045776367,-1.265441,36.803626,2021.183,3.052000046,No,Lease to own (paying a loan),Accessible,No,Yes,Yes ,Customer service,0,0,1,0,0,Other (specify),Faulty batteries Quick battery drainage Not enough batteries in swapping stations,1,1,0,0,0,1,0,Yes,High cost of electric motorcycles Maintenance concerns Resale challenges,1,0,0,0,1,1,0,0,0,Yes ,No,No,40,36
Upper Hill (Watu Credit headquarters),,,,,,,,,,,UPPER HILL(WATU CREDIT HEADQUARTERS),Bodaboda rider,18–24,University complete,Male ,UPPER HILL ESTATE,Starehe,,1–3 years,,,3-4 days a week,50-100 km,Twice a day,NONE(USES ANY STATION NEAR TO HIM),,,5–10 km,2-5 minutes,Neither reliable or unreliable (DNR this option),Rarely,,"Jogoo road,outering road",Very accessible,,,Partially ,,,,,,,,,,,,,Very Poor,Poor,Good,Very Good,Very Good,,,,,,,,,,,,,Their services are good and battery swapping payments are affordable,,UNEMPLOYMENT RATES,,,,,,,,,,,,Not aware ,,,No,No,Yes,Yes,Slowly,,No,Yes ,No,No,,No ,No ,Yes ,Yes ,,Yes,No,,Yes,No,No,No,They are located in safe locations,,Yes ,No,,,No,No,Yes ,No,No,,,,,NONE,"Make batteries that last longer,if they could provide bikes that come with chargers that a driver personally owns","Along waiyaki way,industrial area,Mombasa road(machakos)",10:57:00.000+03:00,Yes,The interview was good and swift,-1.30144 36.821047 1680.4000244140625 21.326000213623047,-1.30144,36.821047,1680.400024,21.32600021,No,Company-owned,,Yes,No,No,,,,,,,Environmentally friendly,Faulty batteries Quick battery drainage,1,1,0,0,0,0,0,Yes,Limited awareness Battery concerns,0,0,0,1,0,0,1,0,0,,,,41,37
Upper Hill (Watu Credit headquarters),,,,,,,,,,,UPPERHILL,Bodaboda rider,35-44,University complete,Male ,UPPERHILL ESTATE,Starehe,,Less than 1 year,,,Daily,250-300 km,More than thrice a day,NONE,,,Less than 1 km,1 minute or less,Very reliable,Rarely,,None specific(He said that the application of swap stations indicate those that are out of service therefore he rarely goes to those ones),Very accessible,,"Back then not currently,just waiting for the battery to charge about (30 minutes), charging stations have become many",Partially ,,,,,,,,,,,Customer service provider handled it( Faulty battery issue),,Very Good,Very Good,Very Good,Very Good,Very Good,,,,,,,,,,,,,They have reliable bikes,,Unemployment,,,,,,,,,,,,Not aware ,,,Yes,No,Yes,Yes,Very quickly,,No,Yes ,Yes ,No,,No ,No ,Yes ,Yes ,,Yes,No,,Yes,No,No,No,The arc ride stations are in safe places,,Yes ,Yes ,,,No,No,No,No,No,,,,,NONE,Improving battery quality,"Outering,eastern bypass,Mombasa road",11:51:00.000+03:00,Yes,The interview was good.He was very positive about arc ride,-1.301495 36.821066 1680 25.3439998626709,-1.301495,36.821066,1680,25.34399986,No,Lease to own (paying a loan),,Yes,Yes,Yes ,Battery quality,1,0,0,0,0,Environmentally friendly,Faulty batteries Quick battery drainage,1,1,0,0,0,0,0,Yes,Battery concerns,0,0,0,0,0,0,1,0,0,Yes ,,,42,38
Upper Hill (Watu Credit headquarters),,,,Near schools Near a bus stage/stop,1,0,0,1,0,0,UPPERHILL,Bodaboda rider,35-44,Secondary complete,Male ,"UPPERHILL ESTATE,WOODLY",Starehe,,1–3 years,,,Daily,150-200 km,Thrice a day,"Kawangware,naivasha road",,,2–5 km,2-5 minutes,Neither reliable or unreliable (DNR this option),Often,,"Thika road,uthiru (ndumboini)",Very accessible,,Lack of batteries with enough charge therefore waiting for full charge,Not at all ,,,,,,,,,,,"Well,but you wait and few technicians even a day",,Average,Good,Good,Good,Good,,,,,,,,,,,,,They have many stations and good bikes,,"He was interested in the e- mobility projects,they run smoothly",,,,,,,,,,,,Not aware ,,,No,Yes,Yes,Yes,Very slowly,,No,Yes ,Yes ,Yes ,,No ,No ,Yes ,Yes ,,No,No,,,Yes,No,No,,,Yes ,Yes ,,,No,No,No,No,No,,,,,Lowering the cabinets since they are heavy,"Improving on having longer lasting batteries in terms of charge,add speed of the bikes","Waithaka,langata road,kibera,reduce spare part prices,24 HR charging stations",12:31:00.000+03:00,Yes,"It was good but somewhat negative,he complained a lot about faulty batteries",-1.298907 36.817867 1685.699951171875 4.581999778747559,-1.298907,36.817867,1685.699951,4.581999779,No,Lease to own (paying a loan),Accessible,Yes,Yes,Yes ,Reliability of service,0,0,0,0,1,Environmentally friendly,Faulty batteries Quick battery drainage Few skilled technicians,1,1,1,0,0,0,0,Yes,Lack of adequate charging/swap stations Battery concerns Lack of technicians,0,0,1,0,0,0,1,1,0,Yes ,,,43,39
Upper Hill (Watu Credit headquarters),,,,,,,,,,,UPPERHILL (WATU),Bodaboda rider,45 and above ,Secondary complete,Male ,UPPERHILL ESTATE,Starehe,,1–3 years,,,Daily,250-300 km,More than thrice a day,"Mwiki,south b",,,Less than 1 km,2-5 minutes,Neither reliable or unreliable (DNR this option),Often,,Total mbagathi,Somewhat accessible,,Overcrowding in stations led to long waiting time,Not at all ,,,,,,,,,,,"Slowly, technicians can fix some problems in 24 hrs or more",,Average,Poor,Poor,Good,Poor,,,,,,,,,,,,,"Bikes are good,good technicians",,Better profits,,,,,,,,,,,,Not aware ,,,No,Yes,Yes,Yes,Slowly,,No,Yes ,Yes ,No,,No ,No ,Yes ,Yes ,,No,Yes,Yes,Yes,No,No,No,They are located in safe zones,,Yes ,No,,,No,No,Yes ,No,No,,,,,NONE,Improving on the faulty batteries problem,"Reduce prices,add cabinets,add stations",13:04:00.000+03:00,Yes,"Waithaka,uthaya road,lavington,nkoroi,ebulubu ngong road,",-1.300885 36.819728 1685.699951171875 104.0999984741211,-1.300885,36.819728,1685.699951,104.0999985,No,Lease to own (paying a loan),Accessible,Yes,Yes,Yes ,Battery quality,1,0,0,0,0,Environmentally friendly,Faulty batteries,1,0,0,0,0,0,0,Yes,High cost of charging/swapping Lack of technicians,0,1,0,0,0,0,0,1,0,,,,44,40
Upper Hill (Watu Credit headquarters),,,,,,,,,,,Upperhill,Bodaboda rider,25-34,Secondary complete,Male ,UPPERHILL ESTATE,Starehe,,Less than 1 year,,,5-6 days a week,250-300 km,More than thrice a day,"Tasa,embakasi",,,2–5 km,1 minute or less,Neither reliable or unreliable (DNR this option),Sometimes,,Bunyala road,Very accessible,,Kilimani area long lines,Partially ,,,,,,,,,,,"Good,he went to a maintenance hub",,Very Good,Average,Good,Very Good,Very Good,,,,,,,,,,,,,It has good service as well as it is profitable,,Profit,,,,,,,,,,,,Not aware ,,,No,No,Yes,Yes,Somewhat quickly,,No,Yes ,Yes ,No,,No ,No ,Yes ,Yes ,,No,Yes,Yes,Yes,No,No,No,Customers are taken care of when issues of bikes happen,,Yes ,No,,,No,No,No,No,No,,,,,None,Faulty battery to be handled,"Westlands,kilimani,bunyala road",13:18:00.000+03:00,Yes,He was eager to listen answer the questions.Insisted in fixing the faulty battery problem,-1.3016 36.821099 1679.9000244140625 31.423999786376953,-1.3016,36.821099,1679.900024,31.42399979,No,Lease to own (paying a loan),Accessible,Yes,Yes,Yes ,Reliability of service,0,0,0,0,1,More profit than ICE motorcycles,Faulty batteries Quick battery drainage Few charging/swapping stations Unreliable swapping stations,1,1,0,1,1,0,0,Yes,Maintenance concerns,0,0,0,0,1,0,0,0,0,,,,45,41
Langata road (One Stop Arcade Mall),,,,,,,,,,,ONE STOP ARCADE MALL,Bodaboda rider,18–24,College complete ,Male ,Karen,Lang’ata,,1–3 years,,,Daily,More than 300km,More than thrice a day,"Oilcom,thika road",,,2–5 km,2-5 minutes,Very reliable,Rarely,,Uthiru,,,Fewer batteries,Not at all ,,,,,,,,,,,"Went to a technician,called customer service line to complain",,Very Poor,Average,Average,Good,Good,,,,,,,,,,,,,They have very good bikes,,"They require less service,the bikes are good",,,,,,,,,,,,Not aware ,,,No,No,Yes,Yes,Somewhat quickly,,No,Yes ,Yes ,No,,No ,No ,Yes ,Yes ,,Yes,No,,Yes,No,No,Yes,Located in secure locations,,Yes ,Yes ,,,No,No,No,No,No,,,,,NONE,Remove faulty batteries,Each county besides the majority ones,17:49:00.000+03:00,Yes,None,-1.302137 36.822387 1665.0999755859375 87.5999984741211,-1.302137,36.822387,1665.099976,87.59999847,No,Lease to own (paying a loan),Enough batteries,Yes,Yes,Yes ,Battery quality Reliability of service,1,0,0,0,1,Environmentally friendly,Faulty batteries Quick battery drainage Not enough batteries in swapping stations,1,1,0,0,0,1,0,Yes,High cost of charging/swapping Battery concerns,0,1,0,0,0,0,1,0,0,Yes ,,,46,42
Langata road (One Stop Arcade Mall),,,,,,,,,,,"ONE STOP ARCADE, KAREN",Bodaboda rider,25-34,Secondary complete,Male ,Karen,Lang’ata,,1–3 years,,,5-6 days a week,250-300 km,Thrice a day,"Oilcom, kilimani",,,2–5 km,2-5 minutes,Unreliable,Rarely,,"Bunyala road, ngong road",Accessible,,Lesser battery cabinets,Not at all ,,,,,,,,,,,"The battery meter was not showing charge percentage,went to a technician",,Very Poor,Poor,Very Poor,Very Good,Average,,,,,,,,,,,,,,Batteries are faulty,"Lesser breakdowns, profitable",,,,,,,,,,,,Not aware ,,,No,No,No,Yes,Very slowly,,No,Yes ,Yes ,,,No ,No ,Yes ,Yes ,,Yes,No,,Yes,No,No,Yes,"Yes,they are secure",,Yes ,Yes ,,,No,No,No,No,No,,,,,NONE,Improve batteries,"Limuru road ,nkoroi,joska",16:59:00.000+03:00,Yes,None,-1.341022 36.750404 1814.153 2.9130001068115234,-1.341022,36.750404,1814.153,2.913000107,,Company-owned,Accessible,Yes,Yes,Yes ,Battery quality,1,0,0,0,0,More profit than ICE motorcycles,Faulty batteries Quick battery drainage Not enough batteries in swapping stations,1,1,0,0,0,1,0,No,High cost of charging/swapping Maintenance concerns Battery concerns,0,1,0,0,1,0,1,0,0,Yes ,,,47,43
Langata road (One Stop Arcade Mall),,,,,,,,,,,ONE STOP ARCADE MALL,Bodaboda rider,25-34,University complete,Male ,KAREN,Lang’ata,,Less than 1 year,,,5-6 days a week,200-250 km,Thrice a day,NONE,,,Less than 1 km,2-5 minutes,reliable ,Rarely,,"Total mbagathi, parklands city park, ngong road",Very accessible,,"Overcrowding in stations,few cabinets",Partially ,,,,,,,,,,,,,Average,Average,Good,Very Good,Good,,,,,,,,,,,,,"Affordable payment plans, their bikes are good",,Lack of jobs,,,,,,,,,,,,Not aware ,,,No,No,No,Yes,Somewhat quickly,,No,Yes ,Yes ,No,,No ,No ,,Yes ,,No,No,,Yes,No,No,Yes,Safe locations of the hubs,,Yes ,No,,,No,No,Yes ,No,,,,,,NONE,Better batteries,Karen shopping centre,16:21:00.000+03:00,Yes,None,-1.34119 36.750354 1783.488 2.9619998931884766,-1.34119,36.750354,1783.488,2.961999893,No,Lease to own (paying a loan),,Yes,Yes,No,,,,,,,More profit than ICE motorcycles,Faulty batteries Quick battery drainage Unreliable swapping stations Not enough batteries in swapping stations,1,1,0,0,1,1,0,Yes,Limited awareness Battery concerns,0,0,0,1,0,0,1,0,0,,,,48,44
Langata road (One Stop Arcade Mall),,,,,,,,,,,"ONE STOP ARCADE, KAREN",Bodaboda rider,25-34,University complete,Male ,"KAREN, LANGATA ROAD",Lang’ata,,1–3 years,,,Daily,200-250 km,More than thrice a day,NONE,,,2–5 km,2-5 minutes,reliable ,Rarely,,"Ruaka,delta, Ngong road",Very accessible,,Many riders need batteries and the batteries are not enough like the one arcade mall,Partially ,,,,,,,,,,,He went to a technician,,Very Poor,Poor,Very Good,Very Good,Average,,,,,,,,,,,,,,Most  e- bikes are being returned,"Recommendations, previous adoption by people about e-bikes",,,,,,,,,,,,Not aware ,,,No,No,Yes,Yes,Slowly,,Yes ,Yes ,Yes ,No,,No ,No ,Yes ,Yes ,,No,Yes,Yes,Yes,No,No,Yes,Locations are in safe areas,,Yes ,Yes ,,,No,No,Yes ,No,No,,,,,"Lower cabinets because some are very high, weather shelters",Improving on faulty batteries,Rural areas need them joska,17:19:00.000+03:00,Yes,No,-1.341194 36.750335 1665.0999755859375 3.0380001068115234,-1.341194,36.750335,1665.099976,3.038000107,No,Lease to own (paying a loan),,Yes,Yes,Yes ,Battery quality Reliability of service,1,0,0,0,1,Environmentally friendly,Faulty batteries Quick battery drainage Unreliable swapping stations Not enough batteries in swapping stations,1,1,0,0,1,1,0,No,Limited awareness Maintenance concerns Battery concerns,0,0,0,1,1,0,1,0,0,Yes ,,,49,45
Upper Hill (Watu Credit headquarters),,,,,,,,,,,UPPERHILL,Bodaboda rider,25-34,Secondary incomplete,Male ,"ONE STOP ARCADE,KAREN",Lang’ata,,Less than 1 year,,,5-6 days a week,250-300 km,Thrice a day,NONE,,,Less than 1 km,2-5 minutes,reliable ,Sometimes,,"Forest road (Dawn Ventures),Total(mbagathi road",Very accessible,,"Some locations have few batter cabinets,long queues",Partially ,,,,,,,,,,,,,Very Poor,Average,Average,Very Good,Good,,,,,,,,,,,,,,Their bikes are good,Fewer servicing problems compared to the ICE motorcycle,,,,,,,,,,,,Not aware ,,,No,Yes,Yes,Yes,Slowly,,No,Yes ,Yes ,No,,No ,No ,Yes ,Yes ,,No,Yes,Yes,Yes,No,No,Yes,Presence of CCTV's,,Yes ,Yes ,,,No,No,Yes ,No,No,,,,,NONE,"Reduce the price of spare parts, Better lasting batteries","Karen shopping centre,kahawai west",15:55:00.000+03:00,Yes,"It was a good interview,insisted on how arc ride can improve on faulty batteries",-1.341201 36.750341 1783.409 3.066999912261963,-1.341201,36.750341,1783.409,3.066999912,No,Lease to own (paying a loan),,Yes,Yes,No,,,,,,,More profit than ICE motorcycles,Faulty batteries Quick battery drainage Unreliable swapping stations,1,1,0,0,1,0,0,Yes,Maintenance concerns Battery concerns,0,0,0,0,1,0,1,0,0,Partially ,,,50,46
Langata road (One Stop Arcade Mall),,,,Near a bus stage/stop,0,0,0,1,0,0,ONE STOP ARCADE MALL - LANG'ATA,Bodaboda rider,25-34,Secondary complete,Male ,LANG'ATA,Lang’ata,,1–3 years,,,Daily,200-250 km,Thrice a day,ONE STOP ARCADE MALL - LANG'ATA,,,Less than 1 km,2-5 minutes,reliable ,Sometimes,,Ruaka (Delta),Accessible,,I have experienced battery shortages in swap station,Partially ,,,,,,,,,,,It was resolved,,Very Poor,Poor,Very Poor,Poor,Good,,,,,,,,,,,,,More profit than ICE motorcycles,,They are generally good bikes for use,,,,,,,,,,,,Not aware ,,,No,No,Yes,Yes,Slowly,,No,Yes ,Yes ,No,,No ,No ,Yes ,Yes ,,No,Yes,Yes,Yes,No,Yes,Yes,Availability of CCTV cameras,,No,Yes ,,,No,No,Yes ,No,No,,,,,Install safety equipment,Improve battery quality and capacity,Karen shopping center,16:00:00.000+03:00,Yes,Lack of safety equipment,-1.341207 36.750178 1818.8 7.800000190734863,-1.341207,36.750178,1818.8,7.800000191,Yes,Lease to own (paying a loan),Accessible,Yes,Yes,Yes ,Battery quality,1,0,0,0,0,More profit than ICE motorcycles,Faulty batteries Quick battery drainage Few charging/swapping stations Not enough batteries in swapping stations,1,1,0,1,0,1,0,Yes,Lack of adequate charging/swap stations Limited awareness,0,0,1,1,0,0,0,0,0,No,,,51,47
Langata road (One Stop Arcade Mall),,,,Near a bus stage/stop,0,0,0,1,0,0,ONE STOP ARCADE MALL - LANG'ATA,Bodaboda rider,25-34,Secondary incomplete,Male ,LANG'ATA,Lang’ata,,1–3 years,,,Daily,200-250 km,Thrice a day,LANG'ATA,,,2–5 km,2-5 minutes,reliable ,Sometimes,,Forest Road (Dawn Ventures),Very accessible,,I have experienced long waiting times,Not at all ,,,,,,,,,,,It was resolved after a few phone calls,,Very Poor,Poor,Very Poor,Poor,Good,,,,,,,,,,,,,More profit than ICE motorcycles,,The.bikes are generally good.,,,,,,,,,,,,Not aware ,,,No,No,Yes,Yes,Somewhat quickly,,No,Yes ,Yes ,No,,No ,No ,Yes ,Yes ,,Yes,Yes,Yes,Yes,No,No,Yes,Good security,,Yes ,Yes ,,,Yes ,No,Yes ,No,No,,,,,Install safety equipment,Reduce the price of spare parts,Kagawa west,16:15:00.000+03:00,Yes,,-1.341065 36.750467 1819.8 7.699999809265137,-1.341065,36.750467,1819.8,7.699999809,Yes,Lease to own (paying a loan),Accessible,Yes,Yes,Yes ,Battery quality Reliability of service,1,0,0,0,1,More profit than ICE motorcycles,Faulty batteries Quick battery drainage Few skilled technicians Few charging/swapping stations Not enough batteries in swapping stations,1,1,1,1,0,1,0,Yes,Lack of adequate charging/swap stations Battery concerns,0,0,1,0,0,0,1,0,0,Yes ,,,52,48
Langata road (One Stop Arcade Mall),,,,Near night-time economy zone,0,0,0,0,1,0,LANG'ATA,Bodaboda rider,25-34,Secondary complete,Male ,LANG'ATA,Lang’ata,,1–3 years,,,Daily,200-250 km,Thrice a day,LANG'ATA ONE STOP ARCADE,,,2–5 km,2-5 minutes,reliable ,Sometimes,,Ngong road,Accessible,,Experienced long waiting times due to battery shortages,Not at all ,,,,,,,,,,,It was replaced,,Very Poor,Very Poor,Very Poor,Average,Good,,,,,,,,,,,,,,FAULTY BATTERY,Easy to maintain hence more profit than ICE motorcycles,,,,,,,,,,,,Not aware ,,,No,No,Yes,Yes,Somewhat quickly,,No,Yes ,Yes ,No,,No ,No ,Yes ,Yes ,,Yes,Yes,Yes,Yes,No,No,Yes,Good security,,Yes ,Yes ,,,Yes ,Yes ,Yes ,No,No,,,,,Provide safety equipment,Provide long lasting batteries,Joska,16:30:00.000+03:00,Yes,Riders have a lot of grievances and issues that need to be resolved,-1.341173 36.750273 1820.1 7.699999809265137,-1.341173,36.750273,1820.1,7.699999809,Yes,Lease to own (paying a loan),Accessible,Yes,Yes,Yes ,Battery quality Customer service,1,0,1,0,0,More profit than ICE motorcycles,Faulty batteries Quick battery drainage Few skilled technicians Few charging/swapping stations Unreliable swapping stations Not enough batteries in swapping stations,1,1,1,1,1,1,0,No,Lack of adequate charging/swap stations Maintenance concerns,0,0,1,0,1,0,0,0,0,Yes ,,,53,49
Langata road (One Stop Arcade Mall),,,,Near a bus stage/stop,0,0,0,1,0,0,LANG'ATA ONE STOP ARCADE MALL,Bodaboda rider,35-44,Secondary complete,Male ,Langata,Lang’ata,,Less than 1 year,,,Daily,150-200 km,Thrice a day,LANG'ATA ONE STOP ARCADE MALL,,,2–5 km,2-5 minutes,reliable ,Sometimes,,Parklands City Park,Very accessible,,Crowding in station leads to long waiting times,Partially ,,,,,,,,,,,,,Average,Poor,Good,Very Good,Very Good,,,,,,,,,,,,,More profit than ICE motorcycles,,It generates more profit than ICE motorcycles,,,,,,,,,,,,Not aware ,,,No,No,No,No,Somewhat quickly,,No,Yes ,Yes ,No,,No ,No ,Yes ,Yes ,,No,No,Yes,Yes,No,No,Yes,Security features installed,,Yes ,No,,,Yes ,Yes ,Yes ,No,No,,,,,Install more safety equipment,Reduce cost of spare parts,Karen shopping center,17:00:00.000+03:00,Yes,,-1.341257 36.750165 1832 8.199999809265137,-1.341257,36.750165,1832,8.199999809,Yes,Lease to own (paying a loan),Accessible,Yes,Yes,No,,,,,,,More profit than ICE motorcycles,Quick battery drainage Few charging/swapping stations Unreliable swapping stations Not enough batteries in swapping stations,0,1,0,1,1,1,0,Yes,Limited awareness,0,0,0,1,0,0,0,0,0,,,,54,50
Langata road (One Stop Arcade Mall),,,,Near a bus stage/stop,0,0,0,1,0,0,LANG'ATA ONE STOP ARCADE MALL,Bodaboda rider,25-34,Secondary complete,Male ,Langata,Lang’ata,,Less than 1 year,,,5-6 days a week,150-200 km,Thrice a day,LANG'ATA ONE STOP ARCADE MALL,,,2–5 km,2-5 minutes,reliable ,Sometimes,,Ngong road,Accessible,,experienced battery shortages due to slow charging,Not at all ,,,,,,,,,,,It was resolved by replacing the battery,,Poor,Poor,Average,Good,Good,,,,,,,,,,,,,They have more returns at the end of the day,,They are easier and cheaper to maintain hence more profits,,,,,,,,,,,,Not aware ,,,No,No,No,No,Somewhat quickly,,No,Yes ,Yes ,No,,No ,No ,Yes ,Yes ,,Yes,No,Yes,Yes,No,No,Yes,They have installed CCTV cameras,,Yes ,No,,,Yes ,Yes ,Yes ,No,No,,,,,,Improve quality of batteries,Oilcom,16:45:00.000+03:00,Yes,,-1.341187 36.750287 1680.300048828125 63.400001525878906,-1.341187,36.750287,1680.300049,63.40000153,Yes,Lease to own (paying a loan),Accessible,Yes,Yes,Yes ,Battery quality,1,0,0,0,0,More profit than ICE motorcycles,Faulty batteries Quick battery drainage Few charging/swapping stations Not enough batteries in swapping stations,1,1,0,1,0,1,0,Yes,Limited awareness,0,0,0,1,0,0,0,0,0,,,,55,51
Upper Hill (Watu Credit headquarters),,,,Near a bus stage/stop,0,0,0,1,0,0,UPPERHILL,Bodaboda rider,25-34,Secondary complete,Male ,UPPERHILL,Kibra,,Less than 1 year,,,Daily,100-150 km,Thrice a day,Upperhill,,,Less than 1 km,2-5 minutes,reliable ,Rarely,,,Very accessible,,long waiting times during rush hours,Partially ,,,,,,,,,,,The technician was able to fix it,,Poor,Average,Good,Good,Good,,,,,,,,,,,,,More profit than ICE motorcycles because of low cost of maintenance,,More profit than ICE motorcycles,,,,,,,,,,,,Not aware ,,,No,No,Yes,Yes,Quickly,,No,Yes ,Yes ,No,,No ,No ,Yes ,Yes ,,Yes,Yes,Yes,Yes,No,No,No,RELIABILITY,,No,No,,,Yes ,No,Yes ,No,No,,,,,,IMPROVE BATTERY QUALITY,Bunyala road,12:00:00.000+03:00,Yes,,-1.301433 36.820861 1680.5 64.34200286865234,-1.301433,36.820861,1680.5,64.34200287,Yes,Lease to own (paying a loan),Accessible,No,Yes,Yes ,Battery quality,1,0,0,0,0,More profit than ICE motorcycles,Faulty batteries,1,0,0,0,0,0,0,Yes,Limited awareness,0,0,0,1,0,0,0,0,0,,,,56,52
Upper Hill (Watu Credit headquarters),,,,Near a bus stage/stop,0,0,0,1,0,0,UPPERHILL,Bodaboda rider,25-34,Secondary complete,Male ,UPPERHILL,Kibra,,1–3 years,,,Daily,250-300 km,Thrice a day,UPPERHILL,,,Less than 1 km,2-5 minutes,Very reliable,Rarely,,SYOKIMAU,Accessible,,Long waiting times during rush hours,Not at all ,,,,,,,,,,,IT WAS REFERRED TO MAIN OFFICE AND SORTED OUT,,Good,Good,Good,Good,Good,,,,,,,,,,,,,,Does not want to risk recommending in case of future issues,More profit than ICE motorcycles,,,,,,,,,,,,Not aware ,,,Yes,No,No,Yes,Quickly,,No,Yes ,Yes ,No,,No ,No ,No ,Yes ,,Yes,Yes,Yes,Yes,Yes,No,Yes,THEY ARE RELIABLE,,No,No,,,Yes ,No,Yes ,No,No,,,,,,ADD MORE STATIONS,,12:30:00.000+03:00,Yes,INTERACTIVE,-1.298268 36.818292 1685.699951171875 21.200000762939453,-1.298268,36.818292,1685.699951,21.20000076,Yes,Lease to own (paying a loan),Accessible,Yes,Yes,Yes ,Battery quality,1,0,0,0,0,More profit than ICE motorcycles,Faulty batteries,1,0,0,0,0,0,0,No,Battery concerns,0,0,0,0,0,0,1,0,0,,,,57,53
,,TRM,,Near a market Near night-time economy zone,0,0,1,0,1,0,TRM,Delivery rider,18–24,University complete,Male ,TOWN,Kasarani,,1–3 years,,,Daily,100-150 km,Thrice a day,NGARA HUB,,,Less than 1 km,1 minute or less,reliable ,Rarely,,,Very accessible,,"BEHIND OILCOM THIKA ROAD, IT WAS OUT OF SERCIVE(NO TOKEN ON THAT DAY)",Partially ,,,,,,,,,,,Good,,Very Good,Very Good,Very Poor,Very Good,Very Good,,,,,,,,,,,,,"MORE MONEY AS COMPARED TO PETROL BIKES,LOW MAINTENANCE COST",,THE MARKET TRENDS HAS SHIFTED TO ACCOMODATE E-BIKES INTO THE MARKET,,,,,,,,,,,,Not aware ,"PRICE OF SWAPPING TO BE LOWERED,THE DEPOSOT TO ACQUIRE AN E-BIKE TO BE LOWERED",,No,Yes,No,Yes,Very quickly,,No,No,Yes ,No,,No ,No ,Yes ,Yes ,,Yes,Yes,Yes,Yes,No,Yes,Yes,INCASE OF DAMAGE THEIR IS COMPENSATION(cost is on them),,Yes ,Yes ,,,No,Yes ,Yes ,No,No,,,,,,"IMPROVE ON LIFE BATTERY,INCASE A COMPLAINT IS LODGED THE TIME TAKEN FOR ACTION SHOULD BE SHORT","INTRODUCTION TO KAMULU AREAS,INTRODUCTION TO RURAL AREAS TO ENHANCE A WIDER GEOGRAPHICAL COVERAGE",12:53:00.000+03:00,Yes,THE RIDER IS A BIG ADVOCATE OF ARC RIDE SERVICES TO OTHER PEOPLE(IN BIG SUPPORT),-1.218709 36.896021 1590.800048828125 14.253999710083008,-1.218709,36.896021,1590.800049,14.25399971,Yes,Own,Good customer service,No,Yes,Yes ,Reliability of service,0,0,0,0,1,More profit than ICE motorcycles,Quick battery drainage,0,1,0,0,0,0,0,Yes,Battery concerns,0,0,0,0,0,0,1,0,0,Yes ,,,58,54
,,TRM,,Near a market Near night-time economy zone,0,0,1,0,1,0,TRM,Delivery rider,18–24,Secondary complete,Male ,NAIROBI/KIAMBU COUNTY,Roysambu,,Less than 1 year,,,5-6 days a week,100-150 km,Thrice a day,RUIRU OLA/EASTERN BYPASS,,,2–5 km,2-5 minutes,reliable ,Often,,TOLL STATION KIMBO,Accessible,,WHEN THE WORK LOAD IS A LOT THE BATTERIES ARE NOT ENOUGH,Partially ,,,,,,,,,,,Good,,Average,Poor,Poor,Good,Average,,,,,,,,,,,,,THEY HAVE GOOD BIKES,,THEY ARE EASILY ACCESIBLE( COST OF ACQUIRING),,,,,,,,,,,,Not aware ,"REDUCE THE COST OF SWAPPING,REDUCE THE COST OF SPARE PARTS,EMPLOY GOOD AGENTS",,No,No,Yes,Yes,Somewhat quickly,,No,No,Yes ,No,,No ,No ,Yes ,Yes ,,Yes,No,Yes,Yes,No,Yes,Yes,CASES OF THEFT ARE MINIMAL,,Yes ,Yes ,,,Yes ,No,Yes ,No,No,,,,,"LESSEN THE SWAPPING COST, SPARE PART COST REDUCTION, ADD MORE SWAPPING STATIONS",INTRODUCE SWAPPING STATIONS IN RURAL AREAS,"KIAMBU,KAMITI ROAD,RUIRU-KIAMBU ROAD",14:50:00.000+03:00,Yes,,-1.21872 36.896022 1590.800048828125 14.210000038146973,-1.21872,36.896022,1590.800049,14.21000004,Yes,Lease to own (paying a loan),Accessible,Yes,Yes,Yes ,Reliability of service,0,0,0,0,1,Other (specify),Faulty batteries Quick battery drainage,1,1,0,0,0,0,0,Yes,High cost of charging/swapping Maintenance concerns Resale challenges,0,1,0,0,1,1,0,0,0,No,,,59,55
,,TRM,,Near a market Near night-time economy zone,0,0,1,0,1,0,TRM,Delivery rider,25-34,College incomplete,Male ,KILIMANI,Westlands,,1–3 years,,,Daily,100-150 km,More than thrice a day,OILCOM THIKA ROAD,,,2–5 km,2-5 minutes,Very reliable,Rarely,,THE SYSTEMS WHERE DOWN ON THAT DAY,Very accessible,,"THE CABINET WAS OFFLINE, THE CABUNET ARE THERE BUT NOT ENOUGH",Partially ,,,,,,,,,,,Good,,Average,Poor,Poor,Average,Average,,,,,,,,,,,,,FLEXIBLE WORKING HOURS,,CHEAPER ACQUISATION COST,,,,,,,,,,,,Not aware ,IMPROVE ON BATTERY LIFE,,No,Yes,Yes,Yes,Slowly,,No,Yes ,Yes ,No,,No ,No ,Yes ,Yes ,,No,No,No,No,No,Yes,Yes,,,Yes ,Yes ,,,No,Yes ,Yes ,No,No,,,,,"IMPROVE ON THEIR BATTERIES, ADDITION OF CABINETS AND MAKE THEM MORE ACCESSIBLE",INTRODUCE SWAP STATIONS IN RURAL AREAS,"KASARANI,ROYSAMBU,ZIMMERMAN",15:32:00.000+03:00,Yes,THE RIDER SAYS ARC RIDE TO IMPROVE ON THE DISTANCE THE E-BIKE CAN COVER,-1.218678 36.896148 1590.800048828125 13.776000022888184,-1.218678,36.896148,1590.800049,13.77600002,Yes,Lease to own (paying a loan),Accessible,Yes,Yes,Yes ,Reliability of service,0,0,0,0,1,More profit than ICE motorcycles,Faulty batteries Quick battery drainage,1,1,0,0,0,0,0,Yes,High cost of charging/swapping Battery concerns,0,1,0,0,0,0,1,0,0,Partially ,,,60,56
,"Eastlands (Pipeline, Umoja, Donholm)",,Yes,Near schools Near an informal settlement Near a bus stage/stop,1,1,0,1,0,0,Eastlands,Bodaboda rider,35-44,College complete ,Male ,Pipeline,Embakasi South,,1–3 years,Lease to own (paying a loan),,5-6 days a week,100-150 km,Twice a day,Eastlands,Accessible,,1-2 km,2-5 minutes,Unreliable,Rarely,Yes,Pipeline was closed,Somewhat accessible,Yes,Battery were not enough had to wait for 3 hiurs,Partially ,Yes ,Battery quality Motor,1,0,0,0,0,1,0,,Motor was not picking was repaired after 1 week.,,Poor,Very Poor,Average,Average,Average,More profit than ICE motorcycles,,Faulty batteries Quick battery drainage Unreliable swapping stations Not enough batteries in swapping stations,1,1,0,0,1,1,0,,Yes,The leasing amount is affordable,,"Deposit was affordable that is 10,000 shilling",High cost of charging/swapping Maintenance concerns Lack of technicians,0,1,0,0,1,0,0,1,0,,Not aware ,Reduce taxes on spare parts to make them cheaper,,No,Yes,Yes,Yes,Slowly,,Yes ,No,Yes ,No,,No ,No ,Yes ,Yes ,,No,Yes,Yes,Yes,No,No,Yes,,,No,Yes ,Yes ,,No,No,No,Yes ,No,No,,No,,Increase battery swapping stations and make spare parts,Improve the battery quality,"Kware, Nairobi CBD and Eastleigh",10:35:00.000+03:00,Yes,,-1.304492 36.888921 1605.199951171875 13.369000434875488,-1.304492,36.888921,1605.199951,13.36900043,,,,,,,,,,,,,,,,,,,,,,,,,,,,,,,,,,,,61,57
,"Eastlands (Pipeline, Umoja, Donholm)",,Yes,Near schools Near a bus stage/stop,1,0,0,1,0,0,Eastlands (Donholm),Bodaboda rider,25-34,Secondary complete,Male ,Pipeline,Embakasi South,,1–3 years,Lease to own (paying a loan),,Daily,200-250 km,More than thrice a day,Eastlands (pipeline),Enough batteries,,1-2 km,2-5 minutes,reliable ,Rarely,Yes,Eastlands (pipeline),Accessible,Yes,In Nairobi CBD there were not enough batteries,Partially ,Yes ,Other (Specify),0,0,0,0,0,0,1,Controller was not working. It was replaced in 3 hours,It was replaced in 3 hours,,Average,Poor,Very Poor,Good,Poor,Environmentally friendly,,Faulty batteries Quick battery drainage Not enough batteries in swapping stations,1,1,0,0,0,1,0,,No,,When you have a faulty battery you have to pay again for swapping and when you customer service they don't pick mostly,Environmental friendly and with it I can plan where I am going in Kms,Lack of adequate charging/swap stations Maintenance concerns Battery concerns,0,0,1,0,1,0,1,0,0,,Yes,Reduce cost on spare parts and ensure batteries brought in the country are of quality,,No,Yes,Yes,Yes,Very slowly,,No,Yes ,Yes ,No,,No ,No ,Yes ,Yes ,,No,Yes,Yes,No,No,Yes,Yes,,,No,No,,,No,No,No,No,No,,,,,"Improve battery quality, improve customer service and increase battery swapping stations",Increase battery swapping stations and but swapping stations in all petrol stations,"Pipeline, Utawala and Westlands",10:55:00.000+03:00,Yes,,-1.304493 36.88888 1604.9000244140625 9.793999671936035,-1.304493,36.88888,1604.900024,9.793999672,,,,,,,,,,,,,,,,,,,,,,,,,,,,,,,,,,,,62,58
,"Eastlands (Pipeline, Umoja, Donholm)",,Yes,Near schools Near a market,1,0,1,0,0,0,Eastlands(Donholm),Bodaboda rider,25-34,Secondary complete,Male ,Pipeline,Embakasi South,,1–3 years,Lease to own (paying a loan),,Daily,250-300 km,More than thrice a day,Eastlands (Donholm),Enough batteries,,1-2 km,2-5 minutes,reliable ,Sometimes,Yes,Westlands,Somewhat accessible,Yes,There were no enough batteries and also Had to wait for the battery to be fully charged as there was no electricity. Waited for 3 hours,Partially ,Yes ,Motor,0,0,0,0,0,1,0,,They replaced the motor in 2 hours,,Poor,Average,Very Good,Good,Good,More profit than ICE motorcycles,,Faulty batteries Quick battery drainage Not enough batteries in swapping stations,1,1,0,0,0,1,0,,Yes,Good customer service and it has employed many riders,,Make more profit and they are now available everywhere in Nairobi,High cost of charging/swapping Maintenance concerns Battery concerns,0,1,0,0,1,0,1,0,0,,Yes,Make charging station more in and out of Nairobi,,No,Yes,Yes,Yes,Slowly,,No,Yes ,Yes ,No,,No ,No ,Yes ,Yes ,,Yes,No,,Yes,No,Yes,Yes,,,Yes ,No,,,Yes ,No,Yes ,No,No,,,,,Increase batteries,Improve battery quality and increase swapping stations,"Kayole at Soweto, Baba Dogo and Kariobangi",11:18:00.000+03:00,Yes,,-1.30449 36.888918 1605 13.185999870300293,-1.30449,36.888918,1605,13.18599987,,,,,,,,,,,,,,,,,,,,,,,,,,,,,,,,,,,,63,59
,"Eastlands (Pipeline, Umoja, Donholm)",,Yes,Near a market Near a bus stage/stop,0,0,1,1,0,0,Eastlands ( Donholm),Bodaboda rider,35-44,College complete ,Male ,Kayole,Embakasi West,,1–3 years,Lease to own (paying a loan),,Daily,150-200 km,Thrice a day,Westlands,Other (specify),Most of my customers are there,Less than 1 km,2-5 minutes,Neither reliable or unreliable (DNR this option),Sometimes,Yes,Jogoo road,Accessible,Yes,Batteries were not enough and also had to wait when there is no electricity. Waited for 3-4 hours,Partially ,No,,,,,,,,,,,,Average,Average,Poor,Good,Good,More profit than ICE motorcycles,,Faulty batteries Quick battery drainage Few charging/swapping stations Not enough batteries in swapping stations,1,1,0,1,0,1,0,,Yes,There is commission when you get a customer,,To increase my income and environmental friendly,Lack of adequate charging/swap stations Maintenance concerns Battery concerns,0,0,1,0,1,0,1,0,0,,Not aware ,Import more electric motorbikes and make spare parts affordable,,No,No,Yes,Yes,Slowly,,No,Yes ,Yes ,No,,No ,No ,Yes ,Yes ,,No,No,,Yes,No,Yes,Yes,,,No,Yes ,Partially ,,No,No,Yes ,No,No,,,,,"Increase cabinet/ battery swapping stations, maintenance hubs should operate 24 hours,",Improve battery quality  and also to bring in batteries that cover more km like 100 km,"Kileleshwa, Lavington, and Westlands",11:34:00.000+03:00,Yes,,-1.304502 36.888866 1605 21.483999252319336,-1.304502,36.888866,1605,21.48399925,,,,,,,,,,,,,,,,,,,,,,,,,,,,,,,,,,,,64,60
,"Eastlands (Pipeline, Umoja, Donholm)",,Yes,Near a market Near a bus stage/stop,0,0,1,1,0,0,DONHOLM SQUARE,Bodaboda rider,25-34,Secondary complete,Male ,PIPELINE,Embakasi South,,Less than 1 year,Lease to own (paying a loan),,Daily,150-200 km,More than thrice a day,DONHOLM SQUARE,Enough batteries,,Mor than 5 km ,1 minute or less,reliable ,Never,No,,Accessible,Yes,THE BATTERIES ARE NOT ENOUGH AND THE RIDERS ARE MANY,Fully,Yes ,Reliability of service,0,0,0,0,1,0,0,,IT WAS NOT HANDLED(THE SPROCKET),,Good,Good,Good,Average,Average,More profit than ICE motorcycles,,Few skilled technicians,0,0,1,0,0,0,0,,Yes,IT HAS A BIGGER PROFIT AS COMPARED TO PETROL BIKES,,REFFERAL FROM A FRIEND,High cost of electric motorcycles,1,0,0,0,0,0,0,0,0,,Not aware ,REDUCE COST OF ACQUISATIO OF BIKES,,Yes,Yes,Yes,Yes,Very quickly,,No,No,Yes ,No,,No ,No ,Yes ,Yes ,,Yes,No,,,Yes,Yes,Yes,THEY ARE RELIABLE,,Yes ,Yes ,Partially ,,Yes ,Yes ,No,No,No,,,,,ADDITION OF SWAP STATIONS,MAKE THE SPARE PARTS MORE READILY AVAILABLE AND CHEAP,"CBD,KIAMBU,RONGAI",10:48:00.000+03:00,Yes,ENSURE THE SWAP STATIONS COVER A WIDE GEOGRAPHICAL AREA,-1.304539 36.888888 1611 8.163000106811523,-1.304539,36.888888,1611,8.163000107,,,,,,,,,,,,,,,,,,,,,,,,,,,,,,,,,,,,65,61
,"Eastlands (Pipeline, Umoja, Donholm)",,Yes,Near a market Near a bus stage/stop,0,0,1,1,0,0,DONHOLM SQUARE,Bodaboda rider,25-34,Secondary complete,Male ,NAIROBI,Roysambu,,1–3 years,Lease to own (paying a loan),,Daily,200-250 km,Thrice a day,DONHOLM SQUARE,Accessible,,Less than 1 km,2-5 minutes,reliable ,Sometimes,Yes,KASARANI NAIVAS,Accessible,Yes,LONG UPDATING TIME,Partially ,Yes ,Reliability of service,0,0,0,0,1,0,0,,POOR(LONG TIME TO RESOLVE MY ISSUE),,Average,Average,Average,Average,Poor,Environmentally friendly,,Faulty batteries Quick battery drainage,1,1,0,0,0,0,0,,Yes,"IT IS AN EMPLOYMENT OPPORTUNITY, EASY TO OPERATE",,EASY ACQUISATION AND OPERATION,Limited awareness,0,0,0,1,0,0,0,0,0,,Not aware ,IMPROVE ON SYMSTEMS( SPEED),,No,Yes,Yes,Yes,Somewhat quickly,,No,No,No,No,,No ,No ,Yes ,Yes ,,Yes,No,,Yes,No,Yes,Yes,THE BIKE IS SAFE AND FULLY OPERATIONAL FOR USE,,Yes ,Yes ,Yes ,,No,No,Yes ,No,No,,,,,"ENHANCE BATTERY LIFE, REDUCE COST OF SPARE PARTS",CREATE MORE AWARENESS,"KILIMANI,KIAMBU,SOUTH B, ALONG WAIYAKI WAY",11:11:00.000+03:00,Yes,,-1.30445 36.888837 1604 11.479000091552734,-1.30445,36.888837,1604,11.47900009,,,,,,,,,,,,,,,,,,,,,,,,,,,,,,,,,,,,66,62
,"Eastlands (Pipeline, Umoja, Donholm)",,Yes,Near a market Near a bus stage/stop,0,0,1,1,0,0,DONHOLM SQUARE,Bodaboda rider,25-34,Secondary complete,Male ,NAIROBI,Roysambu,,Less than 1 year,Lease to own (paying a loan),,Daily,100-150 km,Thrice a day,NGARA,Enough batteries,,1-2 km,2-5 minutes,reliable ,Sometimes,Yes,DONHOLM,Accessible,Yes,TO MANY PEOPLE AT THE SWAP STATION,Partially ,No,,,,,,,,,,,,Average,Average,Good,Good,Average,Environmentally friendly,,Quick battery drainage,0,1,0,0,0,0,0,,No,,BATTERY ISSUES,EMPLOYMENT OPPORTUNITY,Lack of adequate charging/swap stations Maintenance concerns,0,0,1,0,1,0,0,0,0,,Not aware ,REDUCTION OF COST OF SPARE PARTS,,No,No,Yes,Yes,Very slowly,,No,Yes ,Yes ,No,,No ,No ,Yes ,,,Yes,No,,Yes,No,Yes,Yes,THEY GIVE YOU GEARS THAT PROTECT ONE WHILE DRIVING,,Yes ,No,,,No,No,Yes ,No,No,,,,,ENHANCE THE BATTERY LIFE,CREATE MORE AWARENESS OF ELECTRIC MOBILITY,"KILIMANI,NGONG ROAD,NGARA",11:36:00.000+03:00,Yes,,-1.304508 36.88886 1611 11.734999656677246,-1.304508,36.88886,1611,11.73499966,,,,,,,,,,,,,,,,,,,,,,,,,,,,,,,,,,,,67,63
,"Eastlands (Pipeline, Umoja, Donholm)",,Yes,Near a market Near a bus stage/stop,0,0,1,1,0,0,,Bodaboda rider,35-44,Secondary complete,Male ,NAIROBI(CBD),,,1–3 years,Own,,5-6 days a week,150-200 km,More than thrice a day,TOTAL BURUBURU,Enough batteries,,Mor than 5 km ,2-5 minutes,reliable ,Sometimes,Yes,BUNYALA ROAD,Accessible,Yes,THE CABINET IS ONE AND THEIR IS LESS BATTERIES,Partially ,Yes ,Battery quality Reliability of service Motor,1,0,0,0,1,1,0,,Good,,Average,Good,Average,Good,Average,More profit than ICE motorcycles,,Quick battery drainage,0,1,0,0,0,0,0,,Yes,GOOD PROFITS COMING FROM THE BIKE,,THE SPEED IS MODERATE,Battery concerns,0,0,0,0,0,0,1,0,0,,Not aware ,IMPROVE ON BATTERY AND INCREASE NUMBERS,,Yes,Yes,Yes,Yes,Somewhat quickly,,No,Yes ,Yes ,No,,No ,No ,Yes ,Yes ,,No,Yes,Yes,,No,Yes,Yes,,,Yes ,Yes ,Partially ,,No,Yes ,Yes ,No,No,,,,,"IMPROVE BATTERY LIFE,ONCE A GRIEVANCE BY A RIDER IS LODGED QUICK ACTION TO BE TAKEN",ADDITION OF CABINETS( SWAP STATIONS),"DONHOLM,PIPELINE,KAYOLE",12:52:00.000+03:00,Yes,,-1.304555 36.888912 1605 12.564000129699707,-1.304555,36.888912,1605,12.56400013,,,,,,,,,,,,,,,,,,,,,,,,,,,,,,,,,,,,68,64
,"Eastlands (Pipeline, Umoja, Donholm)",,Yes,Near a market Near a bus stage/stop,0,0,1,1,0,0,Eastlands (Donholm),Bodaboda rider,25-34,University complete,Male ,Uthiru,Westlands,,1–3 years,Own,,5-6 days a week,250-300 km,More than thrice a day,Westlands,Accessible,,2-4 km ,1 minute or less,reliable ,Sometimes,Yes,Nairobi CBD,Accessible,Yes,Batteries were not enough and there was no electricity had to wait for more than 2 hours,Partially ,Yes ,Other (Specify),0,0,0,0,0,0,1,Controller,Was resolved in a day,,Good,Poor,Good,Good,Average,Environmentally friendly,,Faulty batteries Quick battery drainage Not enough batteries in swapping stations,1,1,0,0,0,1,0,,Yes,Good starting point as it deposit is affordable,,Environmental friendly and to make more income,Lack of adequate charging/swap stations Maintenance concerns Resale challenges Battery concerns,0,0,1,0,1,1,1,0,0,,Yes,Provide universal batteries for ebikes,,No,Yes,Yes,Yes,Somewhat quickly,,No,Yes ,Yes ,Yes ,,No ,No ,Yes ,Yes ,,No,Yes,Yes,Yes,No,Yes,Yes,,,No,Yes ,Yes ,,No,Yes ,No,Yes ,No,,,,,Make batteries universal and increase cabinets/ swapping stations,Improve battery quality,"Nairobi CBD, Uthiru and Westlands",13:05:00.000+03:00,Yes,,-1.30449 36.888876 1605 12.758000373840332,-1.30449,36.888876,1605,12.75800037,,,,,,,,,,,,,,,,,,,,,,,,,,,,,,,,,,,,69,65
Nairobi CBD (Ngara Hub/Rubis stations/Total Energy stations),,,,,,,,,,,NGARA HUB,Bodaboda rider,18–24,Secondary complete,Male ,NAIROBI CBD,Starehe,,Less than 1 year,Lease to own (paying a loan),,Daily,200-250 km,Thrice a day,OIL COM WESTLANDS,Not crowded,,2-4 km ,15-30 minutes,Very reliable,Rarely,Yes,UTAWALA,Very accessible,Yes,SOME CABINETS HAVE FEWER BATTERIES SO YOU HAVE TO WAIT FOR SOMEONE TO SWAP,Partially ,Yes ,Other (Specify),0,0,0,0,0,0,1,WIRING ISSUES,IT FULLY FIXED BY THE TECHNICIAN,,Average,Good,Poor,Good,Good,Other (specify),ECONOMICAL,Faulty batteries Quick battery drainage Other (specify),1,1,0,0,0,0,1,LOW JOB SEASONS LIKE JANUARY AND MAY,Yes,"REALIBILITY, GOOD SERVICES",,HIKE IN FUEL PRICE,Other (specify),0,0,0,0,0,0,0,0,1,"LEGAL DOCUMENTS LIKE CERTIFICATE OF GOOD CONDUCT, NATIONAL ID, DRIVING LICENCE",Yes,STOP HARASSMENT AT CBD,,No,Yes,Yes,Yes,Quickly,,No,Yes ,Yes ,No,,No ,Yes ,Yes ,Yes ,,No,No,Yes,Yes,No,Yes,Yes,SERVICES ARE OK,,Yes ,Yes ,Partially ,,No,No,Yes ,No,No,No,,No,,"INCREASE THE NUMBER OF BATTERIES, REPLACE DAMAGED BATTERIES",N/A,"UTAWALA, CBD, MOMBASA ROAD",15:02:00.000+03:00,Yes,,-1.272899 36.818982 1669.5999755859375 29.434999465942383,-1.272899,36.818982,1669.599976,29.43499947,,,,,,,,,,,,,,,,,,,,,,,,,,,,,,,,,,,,70,66
Nairobi CBD (Ngara Hub/Rubis stations/Total Energy stations),,,No,,,,,,,,NGARA HUB,Bodaboda rider,18–24,College complete ,Male ,NAIROBI CBD,Starehe,,Less than 1 year,Lease to own (paying a loan),,Daily,250-300 km,More than thrice a day,NGARA HUB,Other (specify),NAIROBI CBD HAS FEWER BATTERY CABINETS,1-2 km,2-5 minutes,reliable ,Sometimes,Yes,"TOTAL RAILA ODINGA WAY, UTAWALA,",Accessible,Yes,FEWER BATTERY CABINETS COMPARED TO NUMBER OF RIDERS,Not at all ,Yes ,Other (Specify),0,0,0,0,0,0,1,BRAKES,IT WAS FIXED BY THE TECHNICIAN,,Average,Average,Poor,Good,Average,Other (specify),USAGE OF RIDERS APPLICATION,Other (specify),0,0,0,0,0,0,1,ELECTRICAL PARTS ARE RARE AND COSTLY,Yes,"EBIKES ARE GENERALLY GOOD,",,"SOURCE OF INCOME,",Other (specify),0,0,0,0,0,0,0,0,1,BATTERY CABINETS ARE LIMITED IN URBAN SETTING,Not aware ,SUPPORT CHARGING INFRASTRUCTURE,,No,Yes,Yes,Yes,Very slowly,,No,Yes ,Yes ,Yes ,,No ,No ,Yes ,Yes ,,No,No,No,Yes,No,No,Yes,PERCEIVED AS SAFE,,No,No,,,No,Yes ,No,No,No,No,,No,,IMPROVE CUSTOMER SERVICE AND SPEED OF RESPONSE,INCREASE BATTERY RANGE,"NGONG ROAD, NAIROBI CBD, OUTSIDE NAIROBI",15:33:00.000+03:00,Yes,N/A,-1.272783 36.81903 1669.5 19.83300018310547,-1.272783,36.81903,1669.5,19.83300018,,,,,,,,,,,,,,,,,,,,,,,,,,,,,,,,,,,,71,67
Nairobi CBD (Ngara Hub/Rubis stations/Total Energy stations),,,No,,,,,,,,NGARA HUB,Bodaboda rider,35-44,Secondary complete,Male ,LAVINGTON,Dagoreti North,,1–3 years,Lease to own (paying a loan),,5-6 days a week,250-300 km,More than thrice a day,NGARA HUB,Enough batteries,,Mor than 5 km ,2-5 minutes,reliable ,Rarely,Yes,NAIVASHA ROAD,Accessible,Yes,RIDERS ARE MANY COMPARED TO BATTERIES AVAILABLE,Not at all ,Yes ,Other (Specify),0,0,0,0,0,0,1,CONTROLLER PROBLEM AND ICU,IT WAS RESOLVED BY THE TECHNICIAN,,Average,Good,Good,Good,Good,Other (specify),ECONOMICAL,Other (specify),0,0,0,0,0,0,1,EXPENSIVE SPARE PARTS,,,,ECONOMICAL COMPARED TO OTHER FUEL POWERED BIKES,Battery concerns Other (specify),0,0,0,0,0,0,1,0,1,UNAVAILABILITY OF SWAPPING OR CHARGING STATIONS OUTSIDE NAIROBI,Not aware ,"BATTERY WITH LONGER MILEAGE, ACCESS TO CBD AND ALL ROADS WITHIN TOWN",,No,Yes,Yes,Yes,Quickly,,No,Yes ,No,No,,No ,No ,Yes ,No ,,No,Yes,Yes,Yes,No,Yes,Yes,ARC RIDE EBIKES ARE WELL BUILT,,No,No,No,,Yes ,Yes ,Yes ,No,No,No,,No,,INCREASE NUMBER OF BATTERY CABINETS,"INCREASE NUMBER OF BATTERIES, REPLACE FAULTY BATTERIES","LAVINGTON, KILELESWA, KAREN",16:20:00.000+03:00,,STRUGGLED WITH EMOBILITY POLICY,-1.272854 36.819111 1669.5 59.374000549316406,-1.272854,36.819111,1669.5,59.37400055,,,,,,,,,,,,,,,,,,,,,,,,,,,,,,,,,,,,72,68
,"Ngong Road (Dagoretti, Karen)",,Yes,Near a bus stage/stop,0,0,0,1,0,0,Dagorretti,Bodaboda rider,35-44,Secondary incomplete,Male ,Ngong road,Dagoreti North,,Less than 1 year,Lease to own (paying a loan),,Daily,100-150 km,Thrice a day,Utawala,Not crowded,,Less than 1 km,2-5 minutes,reliable ,Rarely,No,,Accessible,Yes,Yes right now I am waiting at Dagorretti,Partially ,Yes ,Other (Specify),0,0,0,0,0,0,1,Dashboard was on and off,Well,,Average,Good,Very Good,Very Good,Average,Environmentally friendly,,Quick battery drainage,0,1,0,0,0,0,0,,Yes,It saves someone money,,To avoid high fuel prices,Battery concerns,0,0,0,0,0,0,1,0,0,,Not aware ,Reduce tax on bikes,,No,No,Yes,Yes,Quickly,,No,Yes ,Yes ,No,,No ,No ,Yes ,Yes ,,No,No,,Yes,No,No,Yes,,,Yes ,Yes ,Yes ,,No,No,Yes ,No,No,,,,,Add stations and batteries to be able to do 80 KMs,,,10:20:00.000+03:00,Yes,,-1.298976 36.75974 1783.9000244140625 60,-1.298976,36.75974,1783.900024,60,,,,,,,,,,,,,,,,,,,,,,,,,,,,,,,,,,,,73,69
,"Ngong Road (Dagoretti, Karen)",,Yes,Near a market Near a bus stage/stop Near night-time economy zone In a poorly lit area,0,0,1,1,1,1,Dagorretti,Delivery rider,45 and above ,Primary complete,Male ,Ngong road,Dagoreti North,,1–3 years,Lease to own (paying a loan),,5-6 days a week,150-200 km,More than thrice a day,Dagorretti,Accessible,,1-2 km,More than 30 minutes,Neither reliable or unreliable (DNR this option),Sometimes,Yes,Dagorretti,Very accessible,Yes,I have waited for 1 hour now at Dagorretti,Partially ,Yes ,Other (Specify),0,0,0,0,0,0,1,Terminals had an issue,Took time as I had to go to the Hq,,Poor,Poor,Poor,Good,Average,More profit than ICE motorcycles,,Faulty batteries Quick battery drainage Unreliable swapping stations,1,1,0,0,1,0,0,,No,,Poor batteries and not enough,To save,Lack of adequate charging/swap stations,0,0,1,0,0,0,0,0,0,,Not aware ,Make bikes cheaper,,No,Yes,Yes,Yes,Somewhat quickly,,No,Yes ,Yes ,No,,No ,No ,Yes ,Yes ,,No,Yes,Yes,Yes,No,No,Yes,The bike is stable on the road,,Yes ,Yes ,Yes ,,No,Yes ,Yes ,No,No,,,,,,Battery and customer service should improve,,11:00:00.000+03:00,Yes,There is a QR code to report any incidences,-1.298945 36.759665 1783.9000244140625 56.099998474121094,-1.298945,36.759665,1783.900024,56.09999847,,,,,,,,,,,,,,,,,,,,,,,,,,,,,,,,,,,,74,70
,"Ngong Road (Dagoretti, Karen)",,Yes,Near a market Near a bus stage/stop Near night-time economy zone,0,0,1,1,1,0,Dagorretti corner,Bodaboda rider,25-34,Secondary complete,Male ,Ngong road,Dagoreti North,,Less than 1 year,Lease to own (paying a loan),,5-6 days a week,100-150 km,Twice a day,Dagorretti,Accessible,,1-2 km,15-30 minutes,Neither reliable or unreliable (DNR this option),Sometimes,Yes,Dagorretti,Accessible,Yes,Yes like Dagorretti and Naivasha road,Partially ,Yes ,Motor,0,0,0,0,0,1,0,,Yes though the issue has recurred,,Average,Average,Good,Good,Average,More profit than ICE motorcycles,,Quick battery drainage Few charging/swapping stations Unreliable swapping stations,0,1,0,1,1,0,0,,Yes,It still saves despite the challenges,,To save more on fuel,Limited awareness,0,0,0,1,0,0,0,0,0,,Not aware ,Not aware,,No,No,Yes,Yes,Quickly,,No,Yes ,Yes ,No,,No ,No ,Yes ,Yes ,,No,Yes,Yes,Yes,No,No,Yes,It's easier to operate the bike than a fuel one,,No,No,,,No,No,No,No,No,,,,,Improve the battery capacity,,,11:45:00.000+03:00,Yes,,-1.29906 36.759869 1783.9000244140625 77.5999984741211,-1.29906,36.759869,1783.900024,77.59999847,,,,,,,,,,,,,,,,,,,,,,,,,,,,,,,,,,,,75,71
,"Ngong Road (Dagoretti, Karen)",,Yes,Near a market Near a bus stage/stop Near night-time economy zone,0,0,1,1,1,0,Dagorretti,Bodaboda rider,35-44,Secondary complete,Male ,Ngong road,Dagoreti North,,Less than 1 year,Lease to own (paying a loan),,5-6 days a week,100-150 km,Twice a day,Dagorretti,Accessible,,1-2 km,More than 30 minutes,Neither reliable or unreliable (DNR this option),Sometimes,Yes,Racecourse,Accessible,Yes,Dagorretti one,Partially ,Yes ,Other (Specify),0,0,0,0,0,0,1,The bike was going on and off,Well.,,Average,Poor,Good,Very Good,Average,Environmentally friendly,,Faulty batteries Quick battery drainage Not enough batteries in swapping stations,1,1,0,0,0,1,0,,Yes,The service is good despite few challenges,,To avoid high fuel costs,Limited awareness Battery concerns,0,0,0,1,0,0,1,0,0,,Not aware ,Reduce taxes and price of electricity,,No,No,Yes,Yes,Quickly,,No,Yes ,Yes ,No,,No ,No ,,Yes ,,No,No,,Yes,No,No,Yes,The bike is stable,,Yes ,Yes ,Yes ,,No,No,Yes ,No,No,,,,,,Make sure all cabinets are in the app. Solved cabinet issues quickly,Have a maintenance hub in Dagorretti corner area,12:00:00.000+03:00,,Seems to be a battery availability issue at Dagorretti station.,-1.298939 36.759635 1783.699951171875 52.400001525878906,-1.298939,36.759635,1783.699951,52.40000153,,,,,,,,,,,,,,,,,,,,,,,,,,,,,,,,,,,,76,72
,"Ngong Road (Dagoretti, Karen)",,Yes,Near a market Near a bus stage/stop Near night-time economy zone,0,0,1,1,1,0,Dagorretti,Bodaboda rider,25-34,College complete ,Male ,Ngong road,Dagoreti North,,1–3 years,Lease to own (paying a loan),,5-6 days a week,150-200 km,Thrice a day,Dagorretti,Accessible,,1-2 km,2-5 minutes,reliable ,Often,Yes,Dagorretti,Accessible,Yes,Like Dagorretti one,Partially ,Yes ,Other (Specify),0,0,0,0,0,0,1,ECU issue,They changed it,,Average,Good,Good,Very Good,Good,Environmentally friendly,,Faulty batteries Not enough batteries in swapping stations,1,0,0,0,0,1,0,,No,,Till they improve the battery capacity,To make more money,Limited awareness,0,0,0,1,0,0,0,0,0,,Yes,To have dedicated e-bikes parking space especially in CBD,,Yes,No,Yes,Yes,Quickly,,No,Yes ,Yes ,No,,No ,No ,Yes ,Yes ,,Yes,No,,Yes,No,No,Yes,,,Yes ,Yes ,Yes ,,No,No,Yes ,No,No,,,,,,Improve on the quality of batteries.,Around Ngong road Dagorretti area,12:40:00.000+03:00,,,-1.298508 36.75914 1784.5 45.599998474121094,-1.298508,36.75914,1784.5,45.59999847,,,,,,,,,,,,,,,,,,,,,,,,,,,,,,,,,,,,77,73
,"Ngong Road (Dagoretti, Karen)",,Yes,Near a bus stage/stop,0,0,0,1,0,0,Karen 37,Bodaboda rider,18–24,University complete,Male ,Karen,Lang’ata,,1–3 years,Renting,,5-6 days a week,200-250 km,More than thrice a day,Karen,Accessible,,1-2 km,5–10 minutes,reliable ,Sometimes,Yes,Eastern bybass,Very accessible,Yes,Yes in a number of stations,Partially ,Yes ,Motor,0,0,0,0,0,1,0,,Would stop on its own but was sorted,,Good,Average,Good,Good,Average,Environmentally friendly,,Not enough batteries in swapping stations,0,0,0,0,0,1,0,,Yes,Swap stations are increasing,,To save more money,High cost of electric motorcycles High cost of charging/swapping,1,1,0,0,0,0,0,0,0,,Not aware ,Government to ensure all batteries to be at least 72 volts,,Yes,No,Yes,Yes,Somewhat quickly,,No,Yes ,Yes ,No,,No ,No ,Yes ,Yes ,,No,No,,Yes,No,No,Yes,,,No,No,,,No,No,No,No,No,,,,,,Battery to improve and customer service to receive calls even on weekends.,,13:30:00.000+03:00,Yes,,-1.321182 36.709452 1842.4000244140625 24.660999298095703,-1.321182,36.709452,1842.400024,24.6609993,,,,,,,,,,,,,,,,,,,,,,,,,,,,,,,,,,,,78,74
,"Ngong Road (Dagoretti, Karen)",,Yes,Near a bus stage/stop,0,0,0,1,0,0,Karen,Bodaboda rider,25-34,Secondary complete,Male ,Karen,Lang’ata,,Less than 1 year,Lease to own (paying a loan),,5-6 days a week,150-200 km,Thrice a day,Yaya,Accessible,,1-2 km,More than 30 minutes,Neither reliable or unreliable (DNR this option),Rarely,Yes,Kiambu Ruaka,Accessible,Yes,Yes in many along ngong road I wait for at least 20 mins,Partially ,No,,,,,,,,,,,,Poor,Average,Good,Very Good,Average,Environmentally friendly,,Quick battery drainage Few charging/swapping stations,0,1,0,1,0,0,0,,Yes,The bike is good.They need only to improve on the battery.,,To save more money on energy,Other (specify),0,0,0,0,0,0,0,0,1,Distance a battery can cover,Not aware ,Reduce prices on bikes,,Yes,No,Yes,Yes,Quickly,,No,Yes ,Yes ,No,,No ,No ,No ,Yes ,,No,Yes,Yes,Yes,No,No,Yes,I try to be safe,,Yes ,No,,,Yes ,No,Yes ,No,No,,,,,,Improve the battery capacity and also increase cabinets in busy areas like Kilimani. Reduce the prices of spare parts.,Kilimani and Westlands,14:00:00.000+03:00,,,-1.321369 36.709468 1841.9000244140625 31.905000686645508,-1.321369,36.709468,1841.900024,31.90500069,,,,,,,,,,,,,,,,,,,,,,,,,,,,,,,,,,,,79,75
,"Ngong Road (Dagoretti, Karen)",,Yes,Near a bus stage/stop,0,0,0,1,0,0,Karen 37,Bodaboda rider,25-34,Secondary complete,Male ,Karen and Langata,Lang’ata,,Less than 1 year,Lease to own (paying a loan),,5-6 days a week,250-300 km,More than thrice a day,Lusaka road,Accessible,,1-2 km,15-30 minutes,Neither reliable or unreliable (DNR this option),Rarely,Yes,Total alsops,Accessible,Yes,Sometimes I have to wait for an hour,Fully,No,,,,,,,,,,,,Good,Average,Poor,Good,Average,Environmentally friendly,,Quick battery drainage Not enough batteries in swapping stations,0,1,0,0,0,1,0,,Yes,It's still better than fuel bike,,To increase my earnings,Other (specify),0,0,0,0,0,0,0,0,1,Electric bike cannot cover long distances,Not aware ,Reduce bike prices,,Yes,No,Yes,Yes,Somewhat quickly,,No,Yes ,Yes ,No,,No ,No ,Yes ,Yes ,,No,No,,Yes,No,No,Yes,,,Yes ,Yes ,Partially ,,No,Yes ,Yes ,No,No,,,,,,Battery quality and customer service,,14:30:00.000+03:00,,,-1.321328 36.709458 1841.9000244140625 17.95199966430664,-1.321328,36.709458,1841.900024,17.95199966,,,,,,,,,,,,,,,,,,,,,,,,,,,,,,,,,,,,80,76
,"Ngong Road (Dagoretti, Karen)",,,,,,,,,,Karen 37,Bodaboda rider,18–24,Secondary complete,Male ,Karen area,Lang’ata,,Less than 1 year,Lease to own (paying a loan),,5-6 days a week,150-200 km,Thrice a day,Kawangware,,,1-2 km,10–15 minutes,reliable ,Sometimes,Yes,Karen,Accessible,Yes,Like in Kawangware and Karen,Partially ,Yes ,Other (Specify),0,0,0,0,0,0,1,Detached cable,Was handled well,,Average,Average,Good,Good,Average,More profit than ICE motorcycles,,Faulty batteries Quick battery drainage Unreliable swapping stations,1,1,0,0,1,0,0,,No,,Would make the wait time longer,To save more money,Limited awareness Battery concerns,0,0,0,1,0,0,1,0,0,,Not aware ,No idea,,No,No,Yes,Yes,Somewhat quickly,,No,Yes ,Yes ,No,,No ,No ,Yes ,Yes ,,No,No,,Yes,No,No,Yes,,,Yes ,Yes ,Yes ,,No,No,Yes ,No,No,,,,,,Some batteries seem not to be compatible with the older bikes.This should be checked.,,15:30:00.000+03:00,,,-1.321468 36.709707 1841.9000244140625 24.836000442504883,-1.321468,36.709707,1841.900024,24.83600044,,,,,,,,,,,,,,,,,,,,,,,,,,,,,,,,,,,,81,77
,"Ngong Road (Dagoretti, Karen)",,Yes,Near a bus stage/stop,0,0,0,1,0,0,Karen 37,Bodaboda rider,45 and above ,Secondary complete,Male ,Karen/Langata,Lang’ata,,Less than 1 year,Lease to own (paying a loan),,Daily,100-150 km,Thrice a day,Ola Westlands,Enough batteries,,1-2 km,More than 30 minutes,Neither reliable or unreliable (DNR this option),Rarely,Yes,ABC,Accessible,Yes,Sometimes I spend more than an hour,Partially ,Yes ,Other (Specify),0,0,0,0,0,0,1,Chain issue,Quickly,,Average,Average,Good,Good,Good,More profit than ICE motorcycles,,Faulty batteries Quick battery drainage Not enough batteries in swapping stations,1,1,0,0,0,1,0,,Yes,It saves us more than fuel bikes,,To make more money,Other (specify),0,0,0,0,0,0,0,0,1,They don't have licenses,Not aware ,Make bikes prices lower,,Yes,No,Yes,Yes,Somewhat quickly,,No,Yes ,Yes ,No,,No ,No ,Yes ,Yes ,,Yes,No,,No,No,No,Yes,My bike might stall on the highway,,Yes ,Yes ,,,Yes ,Yes ,Yes ,No,Yes ,No,,,,Increase swap cabinets,,,16:00:00.000+03:00,Yes,,-1.321473 36.709716 1841.9000244140625 26.88800048828125,-1.321473,36.709716,1841.900024,26.88800049,,,,,,,,,,,,,,,,,,,,,,,,,,,,,,,,,,,,82,78
,"Eastlands (Pipeline, Umoja, Donholm)",,Yes,Near a market Near a bus stage/stop,0,0,1,1,0,0,DONHOLM SQUARE,Bodaboda rider,25-34,College complete ,Male ,WESTLANDS,Westlands,,Less than 1 year,Lease to own (paying a loan),,5-6 days a week,50-100 km,Twice a day,CABANAS MOMBASA ROAD,Enough batteries,,Mor than 5 km ,1 minute or less,Very reliable,Rarely,No,,Very accessible,No,,Fully,Yes ,Reliability of service,0,0,0,0,1,0,0,,GOOD,,Good,Very Good,Very Good,Very Good,Very Good,More profit than ICE motorcycles,,Faulty batteries,1,0,0,0,0,0,0,,Yes,GOOD SERVICES,,"MECHANICAL ISSUES IS ZERO, GOOD BIKES",Limited awareness,0,0,0,1,0,0,0,0,0,,Not aware ,CREATE MORE AWARENESS POLICIES,,Yes,No,No,No,,,No,No,Yes ,No,,No ,No ,Yes ,Yes ,,Yes,Yes,Yes,No,Yes,Yes,Yes,,,Yes ,Yes ,Yes ,,No,Yes ,Yes ,No,No,,,,,CREATE MORE AWARENESS BY INTRODUCING MORE SEMINARS TO TEACH ABOUT E MOBILITY,NONE,"KIAMBU TOWN,LANGATA ROAD,IMDUSTRIAL AREA",13:42:00.000+03:00,Yes,THE RIDER CAPTURES AWARENESS AS A KEY ISSUE THAT NEEDS TO BE ADDRESED,-1.304573 36.888904 1605 16.836999893188477,-1.304573,36.888904,1605,16.83699989,,,,,,,,,,,,,,,,,,,,,,,,,,,,,,,,,,,,83,79
,,Baba Dogo / Ruaraka,Yes,Near an informal settlement,0,1,0,0,0,0,TOTAL BABADOGO,Bodaboda rider,25-34,Secondary complete,Male ,KILIMANI,Dagoreti North,,Less than 1 year,Lease to own (paying a loan),,Daily,50-100 km,More than thrice a day,DONHOLM,Accessible,,1-2 km,2-5 minutes,Very reliable,Never,No,,Very accessible,No,,Partially ,Yes ,Reliability of service,0,0,0,0,1,0,0,,GOOD,,Average,Average,Average,Good,Average,More profit than ICE motorcycles,,Not enough batteries in swapping stations,0,0,0,0,0,1,0,,Yes,"THEIR RELIABILITY WHEN AN ISSUE NEEDS TO BE ADDRESSED BY A TECHNICIAN,GOOD CUSTOMER SERVICE",,"IT IS CONTRACTED BY UBER THAT ENABLES ONE TO HAVE CUSTOMERS,MECHANICS ARE AVAILABLE IN CASE OF AN ISSUE THAT REQUIRES FIXING",Resale challenges Other (specify),0,0,0,0,0,1,0,0,1,DO A LOT OF MARKETING,Not aware ,"ENHANCE MARKETING, ENSURE THAT THE CARDS THAT ARE GIVEN OUT TO THE RIDERS ARE FULLY FUNCTIONAL",,Yes,No,Yes,Yes,Quickly,,No,Yes ,Yes ,No,,No ,No ,Yes ,Yes ,,No,Yes,Yes,Yes,No,Yes,Yes,INCASE THEIR IS AN ISSUE IT IS RESOLVED,,Yes ,Yes ,Partially ,,Yes ,Yes ,Yes ,No,No,,,,,"EXTEND TIME OF CLOSING THE SWAP STATION,BRING ENOUGH BATTERIES,INTRODUCE MORE SWAP STATIONS",REDUCE COST OF SPARE PARTS,"JOGOO,IMARA DAIMA,SOUTH B AND C",14:08:00.000+03:00,Yes,,-1.244326 36.875752 1597.699951171875 7.14300012588501,-1.244326,36.875752,1597.699951,7.143000126,,,,,,,,,,,,,,,,,,,,,,,,,,,,,,,,,,,,84,80
,,Baba Dogo / Ruaraka,Yes,Near an informal settlement,0,1,0,0,0,0,BABADOGO,Delivery rider,25-34,Secondary complete,Male ,KILIMANI,Dagoreti North,,Less than 1 year,Lease to own (paying a loan),,Daily,250-300 km,Thrice a day,TOTAL DANDORA,Accessible,,2-4 km ,1 minute or less,Very reliable,Never,No,,Very accessible,No,,Fully,No,,,,,,,,,,,,Very Good,Good,Good,Good,Good,Environmentally friendly,,Faulty batteries,1,0,0,0,0,0,0,,Yes,"GOOD QUALITY BIKES LESSENING MAINTENANCE, GOOD PROFITS",,"THEY HAVE GOOD PROFITS,ONE CAN NEVER MISS WORK WHEN THEY OPEN THE APP",Battery concerns,0,0,0,0,0,0,1,0,0,,Not aware ,REDUCE THE COST OF SPARE PARTS,,No,No,No,Yes,Somewhat quickly,,No,Yes ,Yes ,No,,,No ,Yes ,Yes ,,Yes,Yes,Yes,Yes,No,Yes,Yes,THEY GIVE OUT GEARS(HELMETS AND REFLECTORS),,Yes ,Yes ,Yes ,,No,Yes ,Yes ,No,No,,,,,"PROVIDE HELMENTS FOR OUR BELOVED CUSTOMERS WE CARRY EACH AND EVERYDAY,ENSURE THE SPARE PARTS ARE CHEAP AND READILY AVAILABLE",,"UMOJA3,SAIKA,KARIOBANGI NORTH",17:13:00.000+03:00,Yes,,-1.244337 36.875786 1597.9000244140625 8.163000106811523,-1.244337,36.875786,1597.900024,8.163000107,,,,,,,,,,,,,,,,,,,,,,,,,,,,,,,,,,,,85,81
,,Baba Dogo / Ruaraka,Yes,Near an informal settlement,0,1,0,0,0,0,BABABOGO,Delivery rider,18–24,College incomplete,Male ,CBD(TOWN),Kamukunji,,Less than 1 year,Lease to own (paying a loan),,Daily,100-150 km,Thrice a day,OILCOM THIKA ROAD,Accessible,,2-4 km ,2-5 minutes,reliable ,Sometimes,Yes,MARURUI CABINET,Accessible,No,,Partially ,Yes ,Reliability of service,0,0,0,0,1,0,0,,GOOD,,Average,Good,Good,Average,Good,Environmentally friendly,,Faulty batteries Few charging/swapping stations Unreliable swapping stations,1,0,0,1,1,0,0,,Yes,"CHARGES OF SWAPPING IS AFFORDABLE, GOOD CUSTOMER SERVICE",,"EASILY ACCESSIBLE TO ACQUIRE, CHEAPER AS COMPARED TO PETROL BIKES",Lack of adequate charging/swap stations Maintenance concerns Battery concerns,0,0,1,0,1,0,1,0,0,,Not aware ,"OPEN AREAS THAT ARE RESTRICED TO ENSURE EASIER MOBILITY,CREATE MORE AWARENESS OF E BIKES",,Yes,No,Yes,Yes,Quickly,,No,Yes ,Yes ,No,,No ,No ,Yes ,Yes ,,Yes,No,,Yes,No,Yes,Yes,"GOOD QUALITY BIKES,INCASE OF AN ACCIDENT(FIRE) THERE ARE EXTINGISHERS AVAILABLE",,Yes ,No,,,No,No,Yes ,No,No,,,,,"INCREASE SWAP STATIONS,RESCUE SERVICES TO BE AVAILABLE AT NIGHT,FIX DAMAGED CABINETS",CREATE AWARENESS,"WESTLANDS,KILIMANI,CBD(TOWN)",17:58:00.000+03:00,Yes,NONE,-1.244283 36.875869 1597.9000244140625 29.57900047302246,-1.244283,36.875869,1597.900024,29.57900047,,,,,,,,,,,,,,,,,,,,,,,,,,,,,,,,,,,,86,82
,,Baba Dogo / Ruaraka,Yes,Near an informal settlement,0,1,0,0,0,0,BABADOGO,Delivery rider,25-34,College complete ,Male ,TOWN CBD,Kamukunji,,Less than 1 year,Lease to own (paying a loan),,Daily,More than 300km,Thrice a day,TOTAL GACHIE,Not crowded,,2-4 km ,2-5 minutes,reliable ,Sometimes,Yes,TOTAL SURVEY,Very accessible,Yes,MANY RIDERS BUT LESS BATTERY,Partially ,Yes ,Reliability of service,0,0,0,0,1,0,0,,GOOD,,Average,Poor,Good,Good,Good,Environmentally friendly,,Faulty batteries,1,0,0,0,0,0,0,,Yes,THEIR SERVICE IS GOOD,,"AFFORDABILITY ,MORE SAFE",Maintenance concerns Battery concerns,0,0,0,0,1,0,1,0,0,,Not aware ,REDUCTION OF ACQUSATION COST,,Yes,No,Yes,Yes,Somewhat quickly,,No,Yes ,Yes ,No,,No ,No ,Yes ,Yes ,,Yes,Yes,Yes,Yes,No,Yes,Yes,IT WELL PROTECTED AS THEY PROVIDE GEARS,,Yes ,No,,,No,Yes ,Yes ,Yes ,No,,,,,"INCREASE SWAP STATIONS, INCEASE TIME OF CLOSURE OF SWAP STATIONS",PRICE OF ACQUISATION TO BE FRIENDLY,"LIMURU ROAD, KIAMBU",16:22:00.000+03:00,Yes,NONE,-1.244329 36.875754 1597.699951171875 7.14300012588501,-1.244329,36.875754,1597.699951,7.143000126,,,,,,,,,,,,,,,,,,,,,,,,,,,,,,,,,,,,87,83
,,Baba Dogo / Ruaraka,Yes,Near an informal settlement Near a bus stage/stop,0,1,0,1,0,0,Baba dogo,Delivery rider,25-34,Secondary complete,Male ,Donholm,Embakasi South,,1–3 years,Lease to own (paying a loan),,Daily,150-200 km,Thrice a day,Eastlands (Donholm),Accessible,,Less than 1 km,2-5 minutes,Very reliable,Rarely,Yes,Total station on Rabai road (along Jogoo road),Very accessible,Yes,Batteries were not fully charged had to wait for 3 hours,Partially ,No,,,,,,,,,,,,Good,Very Good,Average,Good,Very Good,Environmentally friendly,,Quick battery drainage Not enough batteries in swapping stations,0,1,0,0,0,1,0,,Yes,Availability of batteries and comfort of the bike,,For safety of motorbike as electric motorbikes and to increase my income,Battery concerns Lack of technicians Other (specify),0,0,0,0,0,0,1,1,1,Covers less range,Not aware ,Don't know,,No,No,Yes,Yes,Quickly,,No,Yes ,Yes ,No,,No ,No ,Yes ,Yes ,,Yes,No,,Yes,No,Yes,Yes,,,No,No,,,No,No,No,No,No,,,,,"Provide batteries that last as expected that is provide batteries that don't drain quickly, To reduce price of spare parts",,"Donholm, Eastleigh and Tassia",13:54:00.000+03:00,Yes,,-1.244173 36.875931 1597.9000244140625 9.399999618530273,-1.244173,36.875931,1597.900024,9.399999619,,,,,,,,,,,,,,,,,,,,,,,,,,,,,,,,,,,,88,84
,,Baba Dogo / Ruaraka,,,,,,,,,Baba Dogo,Delivery rider,25-34,College complete ,Male ,Dagoretti at Kabiria,Dagoreti South ,,1–3 years,Lease to own (paying a loan),,Daily,100-150 km,Thrice a day,Dagoretti at Kahuho road,Accessible,,Less than 1 km,2-5 minutes,Very reliable,Often,Yes,Kasarani at Kossim,Accessible,Yes,When electricity gets lost you wait for even 3 hours and sometimes network for wallet for swapping fails to reflect thus have to wait,Partially ,Yes ,Battery quality,1,0,0,0,0,0,0,,Cable transmitting power from battery was not working. This was resolved in less than an hour,,Average,Average,Average,Good,Average,More profit than ICE motorcycles,,Faulty batteries Quick battery drainage Few charging/swapping stations Not enough batteries in swapping stations,1,1,0,1,0,1,0,,No,,Batteries are few and expensive daily payments we pay 400 other companies 309,"The deposit was affordable I paid 5,000 shillings though the required amount is 10,000 shillings",Limited awareness Resale challenges Battery concerns,0,0,0,1,0,1,1,0,0,,Not aware ,Create awareness on ebikes,,No,Yes,Yes,Yes,Slowly,,Yes ,Yes ,Yes ,No,,No ,No ,Yes ,Yes ,,No,Yes,Yes,Yes,No,Yes,Yes,,,Yes ,Yes ,Yes ,,No,No,Yes ,No,No,,,,,"Add technician, increase availability of batteries",Make spare parts affordable and accessible,"Kawangware, Dagoretti at Kabiria, Dagoretti at Waithaka",14:15:00.000+03:00,Yes,,-1.244318 36.875893 1597.699951171875 14.949999809265137,-1.244318,36.875893,1597.699951,14.94999981,,,,,,,,,,,,,,,,,,,,,,,,,,,,,,,,,,,,89,85
,,Baba Dogo / Ruaraka,Yes,Near an informal settlement Near a bus stage/stop,0,1,0,1,0,0,Baba Dogo,Delivery rider,18–24,College complete ,Male ,Kasarani at Sunton,Kasarani,,Less than 1 year,Own,,5-6 days a week,150-200 km,Thrice a day,Oilcom Westlands,Safe/secure ,,1-2 km,2-5 minutes,Unreliable,Never,No,,Accessible,Yes,Lack of enough batteries as there were many riders and had to wait for 3 hours,Partially ,Yes ,Other (Specify),0,0,0,0,0,0,1,Controller,Controller was replaced after 4 hours,,Average,Average,Good,Very Good,Average,Environmentally friendly,,Faulty batteries Quick battery drainage Unreliable swapping stations,1,1,0,0,1,0,0,,Yes,The electric bike is economical in terms of service,,To increase your income and has demand on online apps compared to ICE motorbikes,Limited awareness Resale challenges Battery concerns,0,0,0,1,0,1,1,0,0,,Not aware ,Ensure the batteries brought in Kenya are of quality and met the range indicated,,No,Yes,Yes,Yes,Quickly,,No,Yes ,Yes ,No,,No ,No ,Yes ,Yes ,,Yes,No,,Yes,No,Yes,Yes,,,Yes ,Yes ,Yes ,,No,Yes ,Yes ,No,No,,,,,"Put more battery swapping stations/ cabinets at petrol stations, Improve battery range and longevity",Make a system that automatically updates added cabinets/ battery swapping stations since we have to call to find out,"Kikuyu, Ruaka and Ruiru",16:19:00.000+03:00,Yes,,-1.244052 36.876045 1597.5999755859375 7.099999904632568,-1.244052,36.876045,1597.599976,7.099999905,,,,,,,,,,,,,,,,,,,,,,,,,,,,,,,,,,,,90,86
,,Baba Dogo / Ruaraka,Yes,Near an informal settlement Near a bus stage/stop,0,1,0,1,0,0,Baba Dogo,Delivery rider,25-34,Secondary complete,Male ,Kasarani at Seasons,Ruaraka,,1–3 years,Lease to own (paying a loan),,Daily,250-300 km,More than thrice a day,Oilcom Westlands,Good customer service,,2-4 km ,2-5 minutes,Very reliable,Rarely,Yes,Kasarani at Naivas,Accessible,Yes,Lack of enough batteries had to wait for battery to fully charge there for fast charging chargers,Partially ,Yes ,Battery quality,1,0,0,0,0,0,0,,Battery was faulty then had to reswap and pay again yet when I took the battery it was 100 percent,,Very Poor,Poor,Average,Very Good,Good,More profit than ICE motorcycles,,Faulty batteries Quick battery drainage Unreliable swapping stations,1,1,0,0,1,0,0,,Yes,The battery swapping stations are accessible and you can easily afford to get a ebike for a lease to own,,Increase profit and to reduce expenses,High cost of charging/swapping Limited awareness Maintenance concerns,0,1,0,1,1,0,0,0,0,,Not aware ,Reduce spare part prices by reducing taxes,,No,No,Yes,Yes,Very slowly,,No,Yes ,Yes ,No,,No ,No ,Yes ,Yes ,,Yes,Yes,Yes,Yes,No,Yes,Yes,,,No,No,,,Yes ,Yes ,Yes ,No,No,,,,,"Resolve issue of faulty batteries, reduce swapping price as other companies which are cheaper",Make spare parts more affordable,"Kagawa wendani,TRM, Mwiki",16:38:00.000+03:00,Yes,,-1.244037 36.875916 1597.9000244140625 30.506999969482422,-1.244037,36.875916,1597.900024,30.50699997,,,,,,,,,,,,,,,,,,,,,,,,,,,,,,,,,,,,91,87
,,Baba Dogo / Ruaraka,Yes,Near an informal settlement Near a bus stage/stop,0,1,0,1,0,0,Baba Dogo,Delivery rider,25-34,University complete,Male ,Umoja,Embakasi West,,Less than 1 year,Lease to own (paying a loan),,5-6 days a week,250-300 km,More than thrice a day,Nairobi CBD,Accessible,,2-4 km ,2-5 minutes,reliable ,Rarely,Yes,Oilcom Thika road,Accessible,Yes,Battery were not enough had to wait for an hour,Partially ,,,,,,,,,,,,,Average,Average,Very Good,Very Good,Good,More profit than ICE motorcycles,,Faulty batteries Quick battery drainage Not enough batteries in swapping stations,1,1,0,0,0,1,0,,,,,To increase my income,Limited awareness Resale challenges Battery concerns,0,0,0,1,0,1,1,0,0,,Not aware ,,,No,Yes,Yes,Yes,Slowly,,No,Yes ,Yes ,No,,No ,No ,Yes ,Yes ,,Yes,Yes,Yes,Yes,No,Yes,Yes,,,No,No,,,No,No,Yes ,No,No,,,,,Improve quality of batteries,,"Umoja, Westlands and Nairobi CBD",16:53:00.000+03:00,Yes,,-1.244323 36.875807 1597.9000244140625 8.399999618530273,-1.244323,36.875807,1597.900024,8.399999619,,,,,,,,,,,,,,,,,,,,,,,,,,,,,,,,,,,,92,88
,,Baba Dogo / Ruaraka,Yes,Near an informal settlement,0,1,0,0,0,0,BABADOGO,Delivery rider,25-34,Primary complete,Male ,RUIRU TOLL,Other (specify),RUIRU,1–3 years,Lease to own (paying a loan),,Daily,150-200 km,Thrice a day,RUIRU TOLL,Accessible,,1-2 km,1 minute or less,reliable ,Never,No,,Accessible,No,,Fully,Yes ,Reliability of service,0,0,0,0,1,0,0,,GOOD,,Good,Good,Average,Good,Average,More profit than ICE motorcycles,,Faulty batteries Not enough batteries in swapping stations,1,0,0,0,0,1,0,,Yes,"GOOD BIKES, AFFORDABILITY",,"EMPLOYMENT OPPORTUNITY, RECOMMENDATION FROM A FRIEND",Lack of adequate charging/swap stations Battery concerns,0,0,1,0,0,0,1,0,0,,Not aware ,"REDUCE THE COST OF SPARE PARTS, BRING BATTERY THAT CAN COVER A WIDER GEOGRAPHICAL AREA",,No,No,Yes,Yes,Somewhat quickly,,No,Yes ,Yes ,No,,No ,No ,Yes ,Yes ,,Yes,Yes,Yes,Yes,No,Yes,Yes,,,Yes ,No,,,No,Yes ,Yes ,No,No,,,,,"IMPROVE ON DESIGN( WHERE THE SHOCKS ARE PUT),IMPROVE ON BATTERY LIFE",INCREASE SWAP STATIONS AND ENSURE THAT THEY ON BOTH ENDS OF THE ROAD,"RUIRU TOLL, INTODUCE IN RURAL AREAS",18:15:00.000+03:00,Yes,NONE,-1.244307 36.87582 1597.9000244140625 9.184000015258789,-1.244307,36.87582,1597.900024,9.184000015,,,,,,,,,,,,,,,,,,,,,,,,,,,,,,,,,,,,93,89
,Kiambu Road (Kiambu Mall),,Yes,Near schools Near a market Near a bus stage/stop Near night-time economy zone,1,0,1,1,1,0,KIAMBU TOWN - BE ENERGY PETROL STATION,Bodaboda rider,18–24,Secondary complete,Male ,Kiambu,Other (specify),Kiambu,1–3 years,Lease to own (paying a loan),,Daily,150-200 km,Thrice a day,Kiambu,Safe/secure ,,4-5 km,2-5 minutes,reliable ,Rarely,No,,Very accessible,Yes,Battery shortages since the charging is slow,Not at all ,Yes ,Battery quality,1,0,0,0,0,0,0,,Swapped battery again,,Very Poor,Poor,Poor,Good,Average,More profit than ICE motorcycles,,Faulty batteries Few charging/swapping stations,1,0,0,1,0,0,0,,Yes,Generates more profits,,They generate more income compared to ICE,Limited awareness Maintenance concerns,0,0,0,1,1,0,0,0,0,,Not aware ,,,No,No,Yes,Yes,Somewhat quickly,,No,Yes ,Yes ,No,,No ,No ,Yes ,No ,,Yes,No,Yes,No,Yes,No,Yes,,,No,Yes ,Yes ,,Yes ,Yes ,Yes ,No,No,,,,,Install station where there are no dangers around,Build more charging/swap stations,Kiambu,12:15:00.000+03:00,Yes,,-1.170157 36.827279 1694.5999755859375 33.04999923706055,-1.170157,36.827279,1694.599976,33.04999924,,,,,,,,,,,,,,,,,,,,,,,,,,,,,,,,,,,,94,90
,Kiambu Road (Kiambu Mall),,Yes,Near schools Near a market Near a bus stage/stop Near night-time economy zone,1,0,1,1,1,0,KIAMBU ROAD.- BE ENERGY PETROL STATION,Bodaboda rider,18–24,Secondary complete,Male ,KIAMBU TOWN,Other (specify),Kiambu,Less than 1 year,Lease to own (paying a loan),,5-6 days a week,100-150 km,Twice a day,KIAMBU - BE ENERGY PETROL STATION,Accessible,,2-4 km ,2-5 minutes,reliable ,Never,No,,Very accessible,Yes,I have experienced battery shortages due to crowding,Partially ,No,,,,,,,,,,,,Poor,Poor,Average,Good,Good,More profit than ICE motorcycles,,Faulty batteries Few charging/swapping stations,1,0,0,1,0,0,0,,Yes,Easy to maintain,,It generally more profits,Limited awareness Maintenance concerns,0,0,0,1,1,0,0,0,0,,Not aware ,,,No,No,Yes,Yes,Somewhat quickly,,No,Yes ,Yes ,No,,No ,No ,Yes ,Yes ,,Yes,No,Yes,Yes,No,No,Yes,I don't have to worry about security because of CCTV cameras,,No,No,,,Yes ,No,Yes ,No,No,,,,,Arc ride needs to install more,Add more swap stations,Kiambu,10:35:00.000+03:00,Yes,,-1.170099 36.827339 1694.800048828125 9,-1.170099,36.827339,1694.800049,9,,,,,,,,,,,,,,,,,,,,,,,,,,,,,,,,,,,,95,91
,Kiambu Road (Kiambu Mall),,Yes,Near schools Near a market Near a bus stage/stop Near night-time economy zone,1,0,1,1,1,0,KIAMBU TOWN - BE ENERGY PETROL STATION,Bodaboda rider,35-44,Secondary incomplete,Male ,KIAMBU TOWN,Other (specify),Kiambu,1–3 years,Lease to own (paying a loan),,5-6 days a week,150-200 km,Thrice a day,Upperhill,Enough batteries,,1-2 km,2-5 minutes,reliable ,Sometimes,Yes,Ngong road,Accessible,Yes,Crowding at the swap station with slow charging,Not at all ,No,,,,,,,,,,,,Very Poor,Poor,Average,Good,Good,More profit than ICE motorcycles,,Faulty batteries Few charging/swapping stations Not enough batteries in swapping stations,1,0,0,1,0,1,0,,Yes,Cheaper to maintain hence more returns,,It generates more profits,Limited awareness Maintenance concerns,0,0,0,1,1,0,0,0,0,,Not aware ,,,No,No,Yes,Yes,Slowly,,No,Yes ,Yes ,No,,No ,No ,Yes ,Yes ,,Yes,Yes,Yes,Yes,No,No,Yes,There is proper security at the stations and no cases of fire accidents at stations,,Yes ,Yes ,Yes ,,Yes ,No,Yes ,No,No,,,,,,Improve battery quality and build more stations,Kiambu,10:58:00.000+03:00,Yes,,-1.170057 36.827357 1694.5 33.07500076293945,-1.170057,36.827357,1694.5,33.07500076,,,,,,,,,,,,,,,,,,,,,,,,,,,,,,,,,,,,96,92
,Kiambu Road (Kiambu Mall),,Yes,Near schools Near a market Near a bus stage/stop Near night-time economy zone,1,0,1,1,1,0,KIAMBU TOWN - BE ENERGY PETROL STATION,Bodaboda rider,25-34,Secondary complete,Male ,Kiambu,Other (specify),KIAMBU,1–3 years,Lease to own (paying a loan),,Daily,150-200 km,Thrice a day,Kiambu,Safe/secure ,,2-4 km ,2-5 minutes,reliable ,Rarely,No,,Accessible,Yes,Long waiting times due to crowding,Not at all ,No,,,,,,,,,,,,Very Poor,Poor,Poor,Good,Good,More profit than ICE motorcycles,,Faulty batteries Quick battery drainage Few charging/swapping stations,1,1,0,1,0,0,0,,Yes,Easy to maintain,,More profits,Limited awareness Maintenance concerns,0,0,0,1,1,0,0,0,0,,Not aware ,,,No,No,Yes,No,Somewhat quickly,,No,Yes ,Yes ,No,,No ,No ,Yes ,Yes ,,Yes,No,Yes,No,Yes,No,Yes,,,Yes ,Yes ,Yes ,,No,No,Yes ,No,No,,,,,Improve customer service,Improve battery quality and customer service,Kiambu area,11:35:00.000+03:00,Yes,,-1.170182 36.827243 1694.5 27.375,-1.170182,36.827243,1694.5,27.375,,,,,,,,,,,,,,,,,,,,,,,,,,,,,,,,,,,,97,93
,Kiambu Road (Kiambu Mall),,Yes,Near schools Near a market Near a bus stage/stop Near night-time economy zone,1,0,1,1,1,0,KIAMBU TOWN - BE ENERGY PETROL STATION,Bodaboda rider,25-34,College incomplete,Male ,KIAMBU TOWN,Other (specify),Kiambu,Less than 1 year,Lease to own (paying a loan),,Daily,150-200 km,Thrice a day,KIAMBU,Accessible,,1-2 km,2-5 minutes,reliable ,Rarely,No,,Very accessible,Yes,Long waiting times due to crowding and few batteries charged,Partially ,Yes ,Battery quality,1,0,0,0,0,0,0,,I was allowed to swap again,,Average,Average,Poor,Good,Average,More profit than ICE motorcycles,,Faulty batteries Quick battery drainage Not enough batteries in swapping stations,1,1,0,0,0,1,0,,Yes,More profits,,More profits compared to ICE,Lack of adequate charging/swap stations Maintenance concerns Battery concerns,0,0,1,0,1,0,1,0,0,,Not aware ,,,No,Yes,Yes,No,Quickly,,No,Yes ,Yes ,No,,No ,No ,Yes ,Yes ,,Yes,No,Yes,Yes,No,No,Yes,The location is secure,,No,No,,,Yes ,No,Yes ,No,No,,,,,Better customer service,Improve battery quality,General Kiambu area,11:17:00.000+03:00,Yes,Riders are generally concerned about the batteries that arc ride is providing.,-1.170182 36.827243 1694.5 27.375,-1.170182,36.827243,1694.5,27.375,,,,,,,,,,,,,,,,,,,,,,,,,,,,,,,,,,,,98,94
,,Kmall (Komarock area),Yes,Near schools Near a bus stage/stop Near night-time economy zone,1,0,0,1,1,0,KMALL KOMAROK,Delivery rider,25-34,College incomplete,Male ,KOMAROK,Embakasi Central,,1–3 years,Lease to own (paying a loan),,Daily,150-200 km,Thrice a day,KMALL KOMAROK,Accessible,,1-2 km,2-5 minutes,Very reliable,Never,No,,Very accessible,No,,Partially ,Yes ,Battery quality,1,0,0,0,0,0,0,,I swapped again after a few minutes,,Poor,Average,Poor,Good,Very Good,More profit than ICE motorcycles,,Faulty batteries Quick battery drainage,1,1,0,0,0,0,0,,Yes,Improvements have been made,,Electric motorcycle generates more income,Maintenance concerns Battery concerns,0,0,0,0,1,0,1,0,0,,Not aware ,,,No,Yes,Yes,Yes,Somewhat quickly,,No,No,Yes ,Yes ,,No ,No ,No ,Yes ,,Yes,Yes,Yes,Yes,Yes,No,No,Rarely do I get electrical issues with the motorbike,,Yes ,No,,,No,Yes ,Yes ,No,No,,,,,Improve the facility's safety equipment,Build more stations and improve battery quality to make them last longer,Kayol,15:30:00.000+03:00,Yes,,-1.267392 36.906035 1588.5999755859375 21.51099967956543,-1.267392,36.906035,1588.599976,21.51099968,,,,,,,,,,,,,,,,,,,,,,,,,,,,,,,,,,,,99,95
,,Kmall (Komarock area),Yes,Near schools Near a bus stage/stop Near night-time economy zone In a poorly lit area,1,0,0,1,1,1,KMALL KOMAROK,Delivery rider,25-34,Secondary complete,Male ,KOMAROK,Embakasi Central,,Less than 1 year,Lease to own (paying a loan),,Daily,100-150 km,Twice a day,KOMAROK KMALL,Not crowded,,1-2 km,2-5 minutes,Very reliable,Rarely,No,,Accessible,Yes,I have experienced long waiting times,Partially ,No,,,,,,,,,,,,Poor,Average,Average,Good,Good,More profit than ICE motorcycles,,Faulty batteries Quick battery drainage Few charging/swapping stations,1,1,0,1,0,0,0,,Yes,Generates more income,,They are easy to maintain and cheap also,Limited awareness Maintenance concerns,0,0,0,1,1,0,0,0,0,,Not aware ,,,No,Yes,Yes,Yes,Somewhat quickly,,No,Yes ,Yes ,Yes ,,No ,No ,No ,Yes ,,Yes,Yes,Yes,No,Yes,Yes,No,,,Yes ,No,,,No,Yes ,Yes ,No,No,,,,,Better customer service,Build more stations to reduce crowding.,Umoja,15:00:00.000+03:00,Yes,,-1.267363 36.906 1588.5999755859375 25.378999710083008,-1.267363,36.906,1588.599976,25.37899971,,,,,,,,,,,,,,,,,,,,,,,,,,,,,,,,,,,,100,96
,,Kmall (Komarock area),Yes,Near schools Near a market Near a bus stage/stop Near night-time economy zone In a poorly lit area,1,0,1,1,1,1,KMALL KOMAROK,Delivery rider,25-34,Secondary complete,Male ,KOMAROK,Embakasi Central,,1–3 years,Lease to own (paying a loan),,5-6 days a week,100-150 km,Twice a day,KOMAROK KMALL,Not crowded,,2-4 km ,2-5 minutes,reliable ,Rarely,Yes,DONHOLM,Accessible,Yes,Battery shortages due to slow charging,Partially ,No,,,,,,,,,,,,Poor,Average,Average,Good,Good,More profit than ICE motorcycles,,Faulty batteries Few charging/swapping stations,1,0,0,1,0,0,0,,Yes,More profits,,They are easier and cheaper to maintain,Lack of adequate charging/swap stations Maintenance concerns Battery concerns,0,0,1,0,1,0,1,0,0,,Yes,,,No,Yes,Yes,No,Somewhat quickly,,No,Yes ,Yes ,Yes ,,No ,No ,No ,Yes ,,Yes,Yes,Yes,No,Yes,No,No,,,No,Yes ,Yes ,,No,Yes ,Yes ,No,No,,,,,,improve battery quality and customer service,Kayole,15:51:00.000+03:00,Yes,,-1.267376 36.906059 1588.800048828125 26.283000946044922,-1.267376,36.906059,1588.800049,26.28300095,,,,,,,,,,,,,,,,,,,,,,,,,,,,,,,,,,,,101,97
,,Kmall (Komarock area),Yes,Near schools Near a bus stage/stop Near night-time economy zone In a poorly lit area,1,0,0,1,1,1,KMALL KOMAROK,Delivery rider,25-34,College incomplete,Male ,KOMAROK,Embakasi Central,,Less than 1 year,Lease to own (paying a loan),,Daily,150-200 km,Thrice a day,KOMAROK,Not crowded,,2-4 km ,2-5 minutes,Very reliable,Rarely,No,,Very accessible,Yes,Battery shortages,Partially ,No,,,,,,,,,,,,Average,Average,Average,Good,Average,More profit than ICE motorcycles,,Faulty batteries Few charging/swapping stations,1,0,0,1,0,0,0,,Yes,Fewer challenges,,More profits and cheap maintenance,Limited awareness Battery concerns,0,0,0,1,0,0,1,0,0,,Not aware ,,,No,No,Yes,No,Somewhat quickly,,No,Yes ,Yes ,Yes ,,No ,No ,No ,Yes ,,Yes,No,Yes,No,Yes,No,Yes,,,No,No,,,No,Yes ,Yes ,No,No,,,,,,"Improve customer service, battery quality and build more swap stations",Kayole,16:17:00.000+03:00,Yes,,-1.267235 36.905967 1588.5999755859375 44.375999450683594,-1.267235,36.905967,1588.599976,44.37599945,,,,,,,,,,,,,,,,,,,,,,,,,,,,,,,,,,,,102,98
,,Kmall (Komarock area),Yes,Near schools Near a bus stage/stop Near night-time economy zone In a poorly lit area,1,0,0,1,1,1,KMALL KOMAROK,Delivery rider,25-34,College incomplete,Male ,KOMAROK,Embakasi Central,,1–3 years,Lease to own (paying a loan),,Daily,150-200 km,Thrice a day,KOMAROK,Accessible,,2-4 km ,2-5 minutes,reliable ,Rarely,No,,Accessible,Yes,Long waiting times due to few charging stations,Partially ,No,,,,,,,,,,,,Poor,Poor,Poor,Good,Average,More profit than ICE motorcycles,,Faulty batteries Few charging/swapping stations,1,0,0,1,0,0,0,,Yes,Easy to maintain,,Cheap to maintain hence more returns,Limited awareness,0,0,0,1,0,0,0,0,0,,Not aware ,,,No,No,Yes,Yes,Quickly,,No,Yes ,Yes ,,,No ,No ,No ,Yes ,,Yes,Yes,Yes,No,Yes,No,No,,,Yes ,Yes ,Yes ,,No,Yes ,Yes ,No,No,,,,,,Build more charging stations and improve battery capacity,Kayole,16:45:00.000+03:00,Yes,The rider was eager to contribute,-1.267362 36.905933 1588.5999755859375 5.5,-1.267362,36.905933,1588.599976,5.5,,,,,,,,,,,,,,,,,,,,,,,,,,,,,,,,,,,,103,99
,,Kmall (Komarock area),Yes,Near schools,1,0,0,0,0,0,K-MALL KOMAROCK,Bodaboda rider,18–24,College incomplete,Male ,EMBAKASI SUBCOUNTY,Embakasi Central,,Less than 1 year,Lease to own (paying a loan),,Daily,200-250 km,More than thrice a day,Githurai,Not crowded,,Mor than 5 km ,2-5 minutes,Neither reliable or unreliable (DNR this option),Often,Yes,Githurai,Very accessible,Yes,Overcrowding of riders,Not at all ,No,,,,,,,,,,,,Good,Poor,Good,Good,Average,Environmentally friendly,,Faulty batteries Quick battery drainage Few charging/swapping stations Unreliable swapping stations Not enough batteries in swapping stations,1,1,0,1,1,1,0,,Yes,They have services good,,"Profitable compared to ICE,",Other (specify),0,0,0,0,0,0,0,0,1,"Questionable ranges of them,no swap stations in rural areas",Not aware ,,,No,Yes,Yes,Yes,Somewhat quickly,,No,Yes ,Yes ,No,,No ,No ,Yes ,Yes ,,No,No,,Yes,No,Yes,Yes,,,No,Yes ,Yes ,,No,No,No,No,No,,,,,NONE,More swap stations,"The whole of thika road,rural places like Gatundu,",18:58:00.000+03:00,Yes,N/A,-1.267277 36.906046 1595.778 9.934000015258789,-1.267277,36.906046,1595.778,9.934000015,,,,,,,,,,,,,,,,,,,,,,,,,,,,,,,,,,,,104,100
,Kiambu Road (Kiambu Mall),,No,,,,,,,,BE ENERGY (KIAMBU),Bodaboda rider,25-34,Secondary complete,Male ,KIAMBU SUBCOUNTY,Other (specify),KIAMBU SUBCOUNTY,1–3 years,Lease to own (paying a loan),,Daily,200-250 km,Thrice a day,"Oilcom,thika road",Accessible,,1-2 km,2-5 minutes,Neither reliable or unreliable (DNR this option),Sometimes,Yes,Githurai,Very accessible,Yes,Batteries lack,Not at all ,No,,,,,,,,,,,,Average,Average,Average,Very Good,Very Good,Other (specify),People prefer them,Faulty batteries Quick battery drainage Not enough batteries in swapping stations Other (specify),1,1,0,0,0,1,1,Parts tear(bearing),Yes,Bike is good for work,,Preference from customers,Other (specify),0,0,0,0,0,0,0,0,1,Not aware,Not aware ,,,Yes,No,Yes,Yes,Slowly,,No,Yes ,No,No,,No ,No ,Yes ,Yes ,,No,No,,Yes,No,Yes,Yes,,,Yes ,Yes ,Partially ,,No,No,No,No,No,,,,,NONE,"Offline cabinets to be improved,light to be improved,shocks are bad,remove draining batteries","Kahawai sukari,the whole of thika road",17:41:00.000+03:00,Yes,N/A,-1.170128 36.827266 1694.800048828125 15.097000122070312,-1.170128,36.827266,1694.800049,15.09700012,,,,,,,,,,,,,,,,,,,,,,,,,,,,,,,,,,,,105,101
,,Kmall (Komarock area),Yes,Near schools,1,0,0,0,0,0,K-Mall - KOMAROCK,Bodaboda rider,25-34,Secondary complete,Male ,EMBAKASI SUBCOUNTY,Embakasi Central,,Less than 1 year,Lease to own (paying a loan),,Daily,100-150 km,More than thrice a day,"Alcapone, think road",Not crowded,,1-2 km,2-5 minutes,reliable ,Rarely,Yes,Langata road,Very accessible,Yes,Some stations have few cabinets and most aren't functional,Not at all ,Yes ,Other (Specify),0,0,0,0,0,0,1,Tyre changes,Well,,Very Poor,Average,Good,Average,Good,More profit than ICE motorcycles,,Faulty batteries Quick battery drainage Not enough batteries in swapping stations,1,1,0,0,0,1,0,,No,,He hasn't used the bike for a long time so he is still learning it,"Better profits, expansion in the e- mobility sector",High cost of charging/swapping Battery concerns,0,1,0,0,0,0,1,0,0,,Not aware ,,,No,No,No,Yes,Slowly,,No,Yes ,Yes ,Yes ,,No ,No ,Yes ,Yes ,,No,No,,Yes,Yes,No,No,They are in accessible and good locations (most of them),,Yes ,No,,,No,Yes ,Yes ,No,No,,,,,NONE,Batteries not long lasting,"CBD,ngong road, kilimani",15:58:00.000+03:00,Yes,None,-1.267279 36.906047 1620.764 1.1720000505447388,-1.267279,36.906047,1620.764,1.172000051,,,,,,,,,,,,,,,,,,,,,,,,,,,,,,,,,,,,106,102
,,Kmall (Komarock area),No,,,,,,,,K-MALL KOMAROCK,Bodaboda rider,35-44,Secondary complete,Male ,EMBAKASI SUBCOUNTY,Embakasi Central,,1–3 years,Lease to own (paying a loan),,Daily,200-250 km,Thrice a day,"Uthiru,gapehardware",Accessible,,2-4 km ,2-5 minutes,Neither reliable or unreliable (DNR this option),Sometimes,Yes,Didn't recall,Very accessible,Yes,"Some stations have many battery cabinets unfunctional leading to unsatisfactoriness in battery swapping ,you end up taking some that are undercharged",Not at all ,Yes ,Reliability of service Motor Other (Specify),0,0,0,0,1,1,1,Oilchanges,Well,,Average,Average,Poor,Average,Very Good,More profit than ICE motorcycles,,Faulty batteries Quick battery drainage Unreliable swapping stations,1,1,0,0,1,0,0,,Yes,He found their payment terms favourable even though he feels charging is a bit expensive,,Favourable terms of payment,High cost of charging/swapping Other (specify),0,1,0,0,0,0,0,0,1,They feel terms of payment are costly,Yes,Better rates for battery swapping costs,,No,Yes,Yes,Yes,Slowly,,No,Yes ,Yes ,Yes ,,No ,No ,Yes ,Yes ,,No,Yes,Yes,Yes,Yes,No,No,Some batteries switch off middle road which cost him an accident,,Yes ,No,,,No,No,Yes ,No,No,,,,,"Put outside,,,,like some stations are far from the swap and batteries are heavy,put a free help line","Longer lasting batteries,swapping cost is high ,light and shocks ,apps are restricted (network),add in rural areas,are bad,raise customer ladder.Arc ride needs to expound it's services to other counties because he feels restricted even though he owns the bike",Thindigua,15:14:00.000+03:00,Yes,N/A,-1.267238 36.906142 1620.764 2.2730000019073486,-1.267238,36.906142,1620.764,2.273000002,,,,,,,,,,,,,,,,,,,,,,,,,,,,,,,,,,,,107,103
,Kiambu Road (Kiambu Mall),,Yes,Near a market Near a bus stage/stop,0,0,1,1,0,0,BE ENERGY (KIAMBU),Bodaboda rider,35-44,College complete ,Male ,KIAMBU SUBCOUNTY,Other (specify),KIAMBU SUBCOUNTY,1–3 years,Lease to own (paying a loan),,Daily,100-150 km,More than thrice a day,None,,,4-5 km,2-5 minutes,reliable ,Rarely,Yes,Njiru,Very accessible,Yes,"Lack of batteries,system errors, swallowed batteries by cabinets",Not at all ,Yes ,Other (Specify),0,0,0,0,0,0,1,"System, dashboard",Well,,Average,Average,Average,Average,Average,More profit than ICE motorcycles,,Faulty batteries Quick battery drainage Few charging/swapping stations Unreliable swapping stations Not enough batteries in swapping stations,1,1,0,1,1,1,0,,Yes,It is a good bike,,Size of the bike,Other (specify),0,0,0,0,0,0,0,0,1,"People are afraid of adaptation,people face negativities",Not aware ,,,No,Yes,Yes,Yes,Somewhat quickly,,No,Yes ,No,No,,No ,No ,Yes ,Yes ,,Yes,Yes,Yes,Yes,No,Yes,Yes,,,Yes ,Yes ,Yes ,,No,No,Yes ,No,No,,,,,"Faulty batteries to be removed to be removed they cause emergency,they cause dashboards to get off and switch off,bikes misbehaving on rainy days,add security in stations since cabinets are exposed","System to detect lithium,have standard batteries in terms of quality either old or new,faulty batteries to be locked since they are accessible,Free call lines,add customer service people,system issues in cabinets, faulty batteries,empty cabinets,less batteries in hubs,add cabinets,reliability of stations, customer service call lines are extremely, cabinets to detect faulty batteries,slowly customer service,add distance of batteries","Kenol,add outside Nairobi, KIAMBU interior(king'anga)",18:37:00.000+03:00,Yes,,-1.170177 36.827282 1694.800048828125 11.59000015258789,-1.170177,36.827282,1694.800049,11.59000015,,,,,,,,,,,,,,,,,,,,,,,,,,,,,,,,,,,,108,104
,Kiambu Road (Kiambu Mall),,Yes,Near a market Near a bus stage/stop,0,0,1,1,0,0,BE ENERGY (KIAMBU),Bodaboda rider,25-34,University complete,Male ,KIAMBU SUBCOUNTY,Other (specify),KIAMBU SUBCOUNTY,Less than 1 year,Lease to own (paying a loan),,3-4 days a week,More than 300km,More than thrice a day,"Ngara,parklands",Accessible,,2-4 km ,2-5 minutes,Very unreliable,Often,Yes,"Junction,ndemi road",Very accessible,Yes,Battery percentages are low,Not at all ,Yes ,Battery quality Other (Specify),1,0,0,0,0,0,1,Charging cables connected to the battery,Well,,Average,Poor,Very Poor,Very Good,Very Poor,Environmentally friendly,,Faulty batteries Quick battery drainage Few charging/swapping stations Not enough batteries in swapping stations,1,1,0,1,0,1,0,,Yes,Comfortability of the seat,,Height of the bike,High cost of electric motorcycles Lack of adequate charging/swap stations Resale challenges Battery concerns,1,0,1,0,0,1,1,0,0,,Not aware ,,,No,Yes,Yes,Yes,Very slowly,,No,Yes ,No,No,,Yes ,Yes ,Yes ,Yes ,,Yes,No,,Yes,No,Yes,Yes,,,Yes ,Yes ,Partially ,,No,No,Yes ,No,No,,,,,MCB TO ALLOW FLOW OF ENERGY SMOOTHLY,"battery to last longer,swapping hubs to be added,spare parts to be readily available","Outside Nairobi, Muranga,machakos",18:04:00.000+03:00,Yes,,-1.170177 36.82723 1694.9000244140625 12.935999870300293,-1.170177,36.82723,1694.900024,12.93599987,,,,,,,,,,,,,,,,,,,,,,,,,,,,,,,,,,,,109,105
,Kiambu Road (Kiambu Mall),,Yes,Near a market Near a bus stage/stop,0,0,1,1,0,0,BE ENERGY (KIAMBU),Bodaboda rider,25-34,College incomplete,Male ,KIAMBU SUBCOUNTY,Other (specify),KIAMBU SUBCOUNTY,1–3 years,Lease to own (paying a loan),,5-6 days a week,250-300 km,More than thrice a day,"Oilcom, thika road",Enough batteries,,4-5 km,2-5 minutes,Neither reliable or unreliable (DNR this option),Sometimes,Yes,Uthiru,Somewhat accessible,Yes,"Cabinets are empty,many riders at the station",Partially ,Yes ,Other (Specify),0,0,0,0,0,0,1,Dashboard not indicating charge,Well,,Average,Average,Poor,Good,Good,More profit than ICE motorcycles,,Faulty batteries Quick battery drainage Unreliable swapping stations,1,1,0,0,1,0,0,,Yes,Their bikes are affordable and good,,"Cheaper payments rates, better profits",Limited awareness Other (specify),0,0,0,1,0,0,0,0,1,Negativities of e-bikes by people,Not aware ,,,No,Yes,Yes,Yes,Somewhat quickly,,No,Yes ,No,No,,No ,No ,Yes ,Yes ,,No,No,,Yes,No,Yes,Yes,,,Yes ,Yes ,Yes ,,No,No,No,No,No,,,,,Improving response by arc ride customer care,"Availability of spare parts and make them affordable, better batteries","Thika road, outside major cities",10:57:00.000+03:00,Yes,N/A,-1.170162 36.827272 1694.800048828125 12.432999610900879,-1.170162,36.827272,1694.800049,12.43299961,,,,,,,,,,,,,,,,,,,,,,,,,,,,,,,,,,,,110,106
,Kiambu Road (Kiambu Mall),,Yes,Near a market Near a bus stage/stop,0,0,1,1,0,0,BE ENERGY (KIAMBU),Bodaboda rider,18–24,College complete ,Male ,KIAMBU SUBCOUNTY,Other (specify),KIAMBU SUBCOUNTY,Less than 1 year,Lease to own (paying a loan),,Daily,250-300 km,More than thrice a day,Mwihiko,Other (specify),Home area,2-4 km ,2-5 minutes,Neither reliable or unreliable (DNR this option),Rarely,Yes,"Junction, uthiru",Very accessible,Yes,Lack of batteries,Not at all ,No,,,,,,,,,,,,Good,Average,Good,Good,Good,More profit than ICE motorcycles,,Faulty batteries Quick battery drainage Not enough batteries in swapping stations,1,1,0,0,0,1,0,,Yes,Affordability,,Unemployment,Limited awareness,0,0,0,1,0,0,0,0,0,,Not aware ,,,No,No,Yes,Yes,Slowly,,No,Yes ,Yes ,Yes ,,No ,No ,Yes ,Yes ,,No,Yes,Yes,Yes,No,No,Yes,They provide protection gears,,Yes ,Yes ,Yes ,,No,No,No,No,No,,,,,NONE,"Add bike speed,make all batteries efficient,","Past KIAMBU,joska",09:02:00.000+03:00,Yes,N/A,-1.170168 36.827211 1694.9000244140625 11.824999809265137,-1.170168,36.827211,1694.900024,11.82499981,,,,,,,,,,,,,,,,,,,,,,,,,,,,,,,,,,,,111,107
,,Kmall (Komarock area),Yes,Near schools Near a bus stage/stop,1,0,0,1,0,0,K-MALL KOMAROCK,Bodaboda rider,45 and above ,Secondary incomplete,Male ,EMBAKASI SUBCOUNTY,Embakasi Central,,1–3 years,Lease to own (paying a loan),,5-6 days a week,More than 300km,More than thrice a day,NONE,,,2-4 km ,5–10 minutes,Neither reliable or unreliable (DNR this option),Sometimes,Yes,"Parklands, city park",Accessible,Yes,"System failures, cabinets with no batteries or many unfunctional, overcrowding",Not at all ,Yes ,Battery quality Reliability of service Other (Specify),1,0,0,0,1,0,1,"Shocks,oil changes",Well,,Very Poor,Average,Poor,Good,Average,More profit than ICE motorcycles,,Faulty batteries Quick battery drainage Unreliable swapping stations Not enough batteries in swapping stations,1,1,0,0,1,1,0,,Yes,The bikes are high and good,,"Better profits,its expansion in general created awareness",Limited awareness Maintenance concerns Battery concerns,0,0,0,1,1,0,1,0,0,,Not aware ,,,No,Yes,Yes,Yes,Slowly,,No,Yes ,No,Yes ,,No ,No ,Yes ,Yes ,,Yes,Yes,Yes,Yes,Yes,No,Yes,,,Yes ,Yes ,Partially ,,No,Yes ,Yes ,No,No,,,,,Provide helmets for clients,"Remove faulty batteries, availability of spare parts, reduce swapping costs,long lasting batteries","Umoja, kilimani, Westlands",12:58:00.000+03:00,Yes,N/A,-1.267311 36.906058 1594.53 1.812999963760376,-1.267311,36.906058,1594.53,1.812999964,,,,,,,,,,,,,,,,,,,,,,,,,,,,,,,,,,,,112,108
,,Kmall (Komarock area),Yes,Near schools Near a bus stage/stop,1,0,0,1,0,0,K-MALL KOMAROCK,Bodaboda rider,25-34,Secondary complete,Male ,EMBAKASI SUBCOUNTY,Embakasi Central,,1–3 years,Lease to own (paying a loan),,Daily,200-250 km,Thrice a day,"Oilcom,thika road",Not crowded,,Mor than 5 km ,1 minute or less,reliable ,Rarely,Yes,"Ruaka(delta), forest road (Dawn Ventures)",Very accessible,Yes,"Cabinets lack batteries or batteries aren't charged enough,he got a faulty battery and has to call customer care",Partially ,Yes ,Other (Specify),0,0,0,0,0,0,1,"Battery charging cables, shocks",Very well,,Poor,Poor,Poor,Good,Good,Environmentally friendly,,Faulty batteries Quick battery drainage Few charging/swapping stations Not enough batteries in swapping stations,1,1,0,1,0,1,0,,Yes,"Their bikes are comfy for both customers and drivers,they bikes are generally good",,Better profits,Limited awareness Battery concerns,0,0,0,1,0,0,1,0,0,,Not aware ,,,No,Yes,Yes,Yes,Very slowly,,No,Yes ,Yes ,Yes ,,No ,No ,Yes ,Yes ,,Yes,Yes,Yes,Yes,No,No,Yes,,,Yes ,Yes ,No,,No,Yes ,Yes ,No,No,,,,,Addition of security in swapping hubs,"Better customer service , remove faulty batteries,add lighting on the bike , improving on their shocks","Rural areas, langata road, kilimani",13:35:00.000+03:00,Yes,N/A,-1.267295 36.906054 1595.427 1.378000020980835,-1.267295,36.906054,1595.427,1.378000021,,,,,,,,,,,,,,,,,,,,,,,,,,,,,,,,,,,,113,109
Nairobi CBD (Ngara Hub/Rubis stations/Total Energy stations),,,No,,,,,,,,NGARA HUB,Bodaboda rider,25-34,University complete,Male ,NAIROBI CBD,Starehe,,1–3 years,Own,,Daily,200-250 km,Thrice a day,NGARA HUB,Enough batteries,,1-2 km,2-5 minutes,Neither reliable or unreliable (DNR this option),Rarely,Yes,RUAKA,Very accessible,Yes,SYSTEM FAILURE OR DOWNTIME,Partially ,Yes ,Other (Specify),0,0,0,0,0,0,1,ELECTRIC MALFUNCTION,IT IS BEING RESOLVED NOW,,Average,Average,Good,Good,Good,Other (specify),ECONOMICAL COMPARED TO FUEL BIKES,Faulty batteries Few charging/swapping stations,1,0,0,1,0,0,0,,Yes,COST FRIENDLY COMPARED TO FUEL BIKES LIKE BOXER,,"PURCHASE PRICE ABOUT 160000 COMPARED TO BOXER AT 200000, ECONOMICAL WHEN RUNNING",Battery concerns Other (specify),0,0,0,0,0,0,1,0,1,LONG DISTANCE TRAVELLING,Not aware ,ALLOW CHARGER OWNERSHIP,,No,Yes,Yes,No,,,No,Yes ,No,No,,No ,No ,Yes ,Yes ,,No,Yes,Yes,Yes,No,Yes,Yes,,,No,Yes ,Yes ,,No,Yes ,Yes ,No,No,No,,No,,ESTABLISH SWAPPING STATIONS OUTSIDE NAIROBI,INCREASE NUMBERS OF SWAPPING STATIONS,"KIKUYU, KITENGELA, NGONG",16:46:00.000+03:00,Yes,,-1.272626 36.819509 1669.5 29.92099952697754,-1.272626,36.819509,1669.5,29.92099953,,,,,,,,,,,,,,,,,,,,,,,,,,,,,,,,,,,,114,110
Nairobi CBD (Ngara Hub/Rubis stations/Total Energy stations),,,No,,,,,,,,NGARA HUB,Bodaboda rider,25-34,Secondary complete,Male ,NGARA,Starehe,,Less than 1 year,Lease to own (paying a loan),,Daily,250-300 km,More than thrice a day,RANDOM,Other (specify),RANDOM,1-2 km,2-5 minutes,reliable ,Sometimes,Yes,UPPER HILL,Accessible,Yes,A LOT RIDERS AND FEWER BATTERY CABINETS,Partially ,No,,,,,,,,,,,,Average,Average,Average,Good,Good,More profit than ICE motorcycles,,Faulty batteries Not enough batteries in swapping stations,1,0,0,0,0,1,0,,Yes,"RELIABILITY, CHEAP TO RUN THAN PETROL BIKES",,RUNNING COSTS BETTER THAN PETROL POWERED BIKES,Limited awareness Battery concerns,0,0,0,1,0,0,1,0,0,,Not aware ,"SPARE PARTS, COST OF CHARGING",,Yes,Yes,Yes,Yes,Somewhat quickly,,No,No,Yes ,No,,No ,No ,Yes ,Yes ,,Yes,Yes,Yes,Yes,No,Yes,Yes,RELIABILITY,,Yes ,Yes ,Partially ,,Yes ,Yes ,Yes ,No,No,,,,,INCREASE NUMBER OF BATTERIES,INCREASE NUMBER OF BATTERIES CABINETS,"LAVINGTON, WAIYAKI WAY, NGONG ROAD",15:58:00.000+03:00,Yes,NONE,-1.272823 36.819023 1669.5 35.88199996948242,-1.272823,36.819023,1669.5,35.88199997,,,,,,,,,,,,,,,,,,,,,,,,,,,,,,,,,,,,115,111
Westlands Hub (Oilcom Hub),,,No,,,,,,,,OIL COM WESTLANDS,Bodaboda rider,25-34,Secondary complete,Male ,KILELESHWA,Dagoreti North,,Less than 1 year,Lease to own (paying a loan),,3-4 days a week,100-150 km,More than thrice a day,MENELIK,Accessible,,2-4 km ,2-5 minutes,Unreliable,Sometimes,Yes,MENELIK,Accessible,Yes,FEWER BATTERY CABINETS,Partially ,No,,,,,,,,,,,,Average,Average,Average,Good,Good,More profit than ICE motorcycles,,Faulty batteries Few charging/swapping stations,1,0,0,1,0,0,0,,Yes,CHEAPER TO OPERATE COMPARED TO FUEL POWERED BIKES,,LOWER DEPOSIT REQUIRED,High cost of electric motorcycles Limited awareness Battery concerns,1,0,0,1,0,0,1,0,0,,Not aware ,LOWERING CHARGING COSTS,,Yes,Yes,Yes,Yes,Somewhat quickly,,No,No,Yes ,No,,No ,No ,Yes ,Yes ,,No,No,,Yes,No,Yes,Yes,,,No,No,,,No,Yes ,Yes ,No,No,,,,,IMPROVE CUSTOMER CARE SERVICES,INCREASE NUMBER OF CHARGING AREAS,"NGONG ROAD, LAVINGTON, CBD",18:50:00.000+03:00,Yes,NONE,-1.265442 36.803643 1672.381 4.11299991607666,-1.265442,36.803643,1672.381,4.112999916,,,,,,,,,,,,,,,,,,,,,,,,,,,,,,,,,,,,116,112
Nairobi CBD (Ngara Hub/Rubis stations/Total Energy stations),,,Yes,Near schools Near a market,1,0,1,0,0,0,NGARA HUB,Bodaboda rider,25-34,College complete ,Male ,KILIMANI,Dagoreti North,,1–3 years,Lease to own (paying a loan),,Daily,150-200 km,Thrice a day,UMOJA,Accessible,,Less than 1 km,2-5 minutes,reliable ,Rarely,Yes,DONHOLM,Accessible,Yes,LAST YEAR DECEMBER WHEN GREEN WHEELS RELEASED MANY RIDERS,Partially ,Yes ,Other (Specify),0,0,0,0,0,0,1,FAILED IGNITION,IT WAS FIXED BY THE TECHNICIAN,,Good,Good,Average,Good,Good,Other (specify),ACCESSIBILITY TO MANY AREAS WITHOUT POLICE INTERFERENCE,Other (specify),0,0,0,0,0,0,1,EXPENSIVE SPARE PARTS,Yes,EBIKES HAVE GREAT STABILITY,,CHEAPER COMPARED TO FUEL BIKES,Limited awareness Other (specify),0,0,0,1,0,0,0,0,1,PREFERENCE AND DURABILITY OF BIKES BECAUSE MOST EBIKES ARE UNDER 2 YEARS OLD,Yes,EASY ACQUISITION OF EBIKES,,No,No,Yes,Yes,Slowly,,No,Yes ,Yes ,No,,No ,No ,Yes ,Yes ,,No,Yes,Yes,Yes,No,Yes,Yes,,,No,Yes ,Yes ,,No,Yes ,Yes ,No,No,,,,,INSTALL BATTERY CHARGING CABINET AT PETROL STATIONS,TRAIN TECHNICIANS ON EBIKES,"PETROL STATIONS, LAVINGTON,WANGINGE",11:54:00.000+03:00,Yes,,-1.272983 36.819338 1669.5 60.42399978637695,-1.272983,36.819338,1669.5,60.42399979,,,,,,,,,,,,,,,,,,,,,,,,,,,,,,,,,,,,117,113
Westlands Hub (Oilcom Hub),,,No,,,,,,,,OIL COM WESTLANDS,Bodaboda rider,35-44,College incomplete,Male ,PIPELINE,Embakasi South,,Less than 1 year,Lease to own (paying a loan),,Daily,250-300 km,Thrice a day,FEDHA ESTATE,Accessible,,1-2 km,2-5 minutes,reliable ,Rarely,Yes,DONHOLM,Somewhat accessible,Yes,LARGE NUMBER OF ARC RIDE EBIKES ON QUEUE,Partially ,No,,,,,,,,,,,,Good,Average,Good,Good,Good,Environmentally friendly,,Other (specify),0,0,0,0,0,0,1,"HEAD LIGHTS WITH LOW VISIBILITY, SIDE MIRRORS ARE NOT ALIGNED WITH THROTTLE, BROAD BATTERY BOX",Yes,GOOD SERVICES,,ALTERNATIVE SOURCE OF INCOME APART FROM EMPLOYMENT,Lack of adequate charging/swap stations Limited awareness Other (specify),0,0,1,1,0,0,0,0,1,LACK OF CHARGING STATION OUTSIDE NAIROBI,Yes,TRAINING PUBLIC ON EMOBILITY,,No,No,Yes,No,Somewhat quickly,,No,No,Yes ,No,,No ,No ,Yes ,Yes ,,Yes,Yes,Yes,Yes,No,No,Yes,,,No,No,,,No,No,Yes ,No,No,,,,,ESTABLISH BIGGER SWAP STATION TO CONTAIN MORE BATTERIES,ESTABLISH A SWAP STATION OR PARKING LOT IN TOWN,"SHELL KENYATTA AVENUE, JEVANJEE MOI AVENUE, CITY STADIUM JOGOO ROAD",13:35:00.000+03:00,Yes,"NEED FOR MORE SWAPPING STATIONS IN NAIROBI , IN SOME SWAP STATION PEDESTRIANS ARE NOT PROTECTED",-1.287649 36.828025 1650.5 52.400001525878906,-1.287649,36.828025,1650.5,52.40000153,,,,,,,,,,,,,,,,,,,,,,,,,,,,,,,,,,,,118,114
Westlands Hub (Oilcom Hub),,,No,,,,,,,,OIL COM WESTLANDS,Bodaboda rider,35-44,Secondary complete,Male ,WESTLANDS,Westlands,,1–3 years,Lease to own (paying a loan),,Daily,200-250 km,More than thrice a day,RAPHTA ROAD,Good customer service,,2-4 km ,1 minute or less,reliable ,Sometimes,Yes,KAWANGWARE,Accessible,Yes,SWAPPING STATION AT SHELL STATION IN KANGEMI IN THE MORNING,Partially ,Yes ,Battery quality Other (Specify),1,0,0,0,0,0,1,BIKE REJECTS OLD BATTERIES,IT WAS FIXED BUT STILL REJECTS OLD BATTERIES,,Good,Average,Good,Good,Good,Environmentally friendly,,Faulty batteries Quick battery drainage Other (specify),1,1,0,0,0,0,1,GREENS WHEEL SWITCHING OFF BIKE ON ROAD,Yes,ARC RIDE IS RELIABLE BUT NOT GREENS WHEEL,,"EBIKES ARE BETTER THAN FUEL POWERED BIKES, ENVIRONMENTAL FRIENDLINESS",High cost of charging/swapping Battery concerns Other (specify),0,1,0,0,0,0,1,0,1,DURABILITY OF EBIKES COMPARED TO FUEL BIKES,Yes,REPLACEMENT AND MAINTENANCE OF OLD BATTERIES IN CIRCULATION,,No,Yes,Yes,Yes,Slowly,,No,Yes ,Yes ,No,,No ,No ,Yes ,Yes ,,No,Yes,Yes,Yes,Yes,No,Yes,,,Yes ,Yes ,No,,Yes ,Yes ,Yes ,Yes ,No,Yes ,"NO, HE WAS ASKED TO PAY EXTRA TO SWAP TO REPLACE A FAULTY BATTERY",,,INCREASE NUMBER IF BATTERY CABINETS WHERE RIDERS ARE MANY E.G GITHURAI,REPLACEMENT AND RECYCLE OF ALL FAULTY BATTERIES,"SOUTHERN BYPASS, NORTHERN BY PASS, GITHURAI",14:22:00.000+03:00,Yes,"GETS BAD BATTERY ONCE IN A WHILE PER WEEK,",-1.26525 36.803558 1735.187 2.2300000190734863,-1.26525,36.803558,1735.187,2.230000019,,,,,,,,,,,,,,,,,,,,,,,,,,,,,,,,,,,,119,115
Westlands Hub (Oilcom Hub),,,No,,,,,,,,OIL COM WESTLANDS,Bodaboda rider,35-44,Secondary complete,Male ,NAIROBI CBD,Starehe,,1–3 years,Lease to own (paying a loan),,Daily,200-250 km,Thrice a day,ANYWHERE,Accessible,,2-4 km ,2-5 minutes,Very reliable,Rarely,Yes,BUNYALA ROAD,Accessible,Yes,LACK FULLY CHARGED BATTERIES AND RIDERS ARE MANY,Partially ,Yes ,Battery quality Other (Specify),1,0,0,0,0,0,1,WHEEL BEARINGS,IT WAS REPLACED,,Average,Poor,Good,Good,Good,Other (specify),LOW MAINTENANCE COSTS,Faulty batteries Other (specify),1,0,0,0,0,0,1,BATTERY SHORTAGE,Yes,"LESS MAINTENANCE COSTS, MANY SWAPPING LOCATION",,"LEASE TO OWN OPTION, LOW DEPOSIT REQUIRED",Limited awareness Battery concerns Other (specify),0,0,0,1,0,0,1,0,1,PAYMENT PLAN SEEM UNFAVORABLE,Yes,INCREASE BATTERY SUPPLY,,No,Yes,Yes,Yes,Very quickly,,No,Yes ,Yes ,No,,No ,No ,Yes ,Yes ,,No,No,,Yes,Yes,Yes,Yes,,,Yes ,Yes ,Yes ,,Yes ,Yes ,Yes ,No,No,,,,,INTRODUCE LONG LIFE BATTERY,NONE,"SHELL STATIONS, TOTAL STATIONS,",14:58:00.000+03:00,Yes,"SWAP STATIONS ARE VERY ACCESSIBLE IN MORNING, AFTERNOON ONWARDS VERY UNACCESSIBLE",-1.264905 36.803407 1659.565 2.9059998989105225,-1.264905,36.803407,1659.565,2.905999899,,,,,,,,,,,,,,,,,,,,,,,,,,,,,,,,,,,,120,116
Westlands Hub (Oilcom Hub),,,No,,,,,,,,OIL COM WESTLANDS,Bodaboda rider,35-44,College incomplete,Male ,UPPER HILL,Dagoreti North,,1–3 years,Own,,5-6 days a week,200-250 km,Thrice a day,CHURCH ARMY JOGOO ROAD,Accessible,,Less than 1 km,2-5 minutes,reliable ,Rarely,Yes,CHURCH ARMY JOGOO ROAD,Accessible,Yes,DURING PEAK TIMES IN THE AFTERNOON DEMAND FOR BATTERY IS HIGH,Not at all ,Yes ,Battery quality,1,0,0,0,0,0,0,,IT WAS REPLACED BUT THE FAULTY BATTERY PLACED IN THE CABINET,,Average,Poor,Good,Good,Average,Other (specify),"CHEAP, LOW MAINTENANCE COSTS, RELIABLE MOST OF THE TIME",Faulty batteries,1,0,0,0,0,0,0,,Yes,"SWAPPING STATIONS ARE WELL SPREAD , CUSTOMER SUPPORT IS APPROPRIATE",,"DISTRIBUTION OF SWAPPING STATIONS, CUSTOMER SERVICE",Lack of adequate charging/swap stations Limited awareness Other (specify),0,0,1,1,0,0,0,0,1,MISINFORMATION,Yes,EASE RESTRICTIONS IN THE SECTOR AND REDUCE SPARE COSTS,,No,Yes,Yes,No,Quickly,,No,Yes ,Yes ,No,,No ,No ,Yes ,Yes ,,Yes,Yes,Yes,Yes,No,No,Yes,ARC RIDE IS DOING THEIR BEST,,Yes ,Yes ,Yes ,,No,Yes ,Yes ,No,No,,,,,"ESTABLISH FAST CHARGING OPTIONS,","IMPROVE BATTERY QUALITY, CABINET FOR LOCKING FAULTY BATTERIES LIKE ZENO APPROACH","KILIMANI, INDUSTRIAL AREA, EMBAKASI",15:26:00.000+03:00,Yes,,-1.265155 36.803498 1643.5 2.309000015258789,-1.265155,36.803498,1643.5,2.309000015,,,,,,,,,,,,,,,,,,,,,,,,,,,,,,,,,,,,121,117
Westlands Hub (Oilcom Hub),,,No,,,,,,,,OIL COM WESTLANDS,Bodaboda rider,25-34,Secondary complete,Male ,KAWANGWARE,Dagoreti North,,1–3 years,Lease to own (paying a loan),,Daily,150-200 km,More than thrice a day,RUAKA,Accessible,,1-2 km,2-5 minutes,reliable ,Sometimes,Yes,RUAKA,Somewhat accessible,Yes,LIMITED BATTERY IN THE CABINETS,Partially ,Yes ,Other (Specify),0,0,0,0,0,0,1,WIRING PROBLEM,IT WAS FIXED IN TWO DAYS,,Poor,Average,Good,Good,Good,Other (specify),HIGH CUSTOMER DEMAND COMPARED TO FUEL BIKES,Faulty batteries Quick battery drainage,1,1,0,0,0,0,0,,Yes,"GOOD INCOME MARGIN, LOW DEPOSIT FOR ACQUISITION COST",,"CUSTOMER DEMAND, LOW DEPOSIT",Lack of adequate charging/swap stations Other (specify),0,0,1,0,0,0,0,0,1,LACK OF DRIVING LICENCE,Yes,ACCESS TO NAIROBI CBD,,No,Yes,Yes,Yes,Quickly,,No,Yes ,Yes ,No,,No ,No ,Yes ,Yes ,,No,Yes,Yes,Yes,No,Yes,Yes,,,Yes ,No,,,Yes ,Yes ,Yes ,No,No,,,,,INTRODUCE SWAPPING STATIONS OUTSIDE NAIROBI,,"OUTSIDE NAIROBI, THINDIGWA,",15:53:00.000+03:00,Yes,,-1.265361 36.803692 1643.5 3.8940000534057617,-1.265361,36.803692,1643.5,3.894000053,,,,,,,,,,,,,,,,,,,,,,,,,,,,,,,,,,,,122,118
Westlands Hub (Oilcom Hub),,,No,,,,,,,,OIL COM WESTLANDS,Bodaboda rider,25-34,Secondary complete,Male ,KILIMANI,Dagoreti North,,Less than 1 year,Lease to own (paying a loan),,Daily,More than 300km,Thrice a day,OIL COM WESTLANDS,Accessible,,2-4 km ,2-5 minutes,reliable ,Rarely,No,,Very accessible,No,,Partially ,No,,,,,,,,,,,,Good,Average,Good,Very Good,Very Good,Other (specify),CHEAPER RUNNING COSTS,Other (specify),0,0,0,0,0,0,1,TECHNICAL LIKE STEERING AND COSTLY SPARES,Yes,"ECONOMICAL TO OPERATE, SAFE TO RIDE",,"EASY TO USE, EASY TO MANURVE",Limited awareness Maintenance concerns,0,0,0,1,1,0,0,0,0,,Yes,ALLOW RIDERS ACQUIRE EBIKES WITHOUT COMPANY RESTRICTIONS,,No,No,No,Yes,Somewhat quickly,,No,Yes ,Yes ,No,,No ,No ,Yes ,Yes ,,No,No,,Yes,No,No,Yes,,,No,No,,,No,No,No,No,No,,,,,INTRODUCE CHEAPER SPARE PARTS,INCREASE THE NUMBERS OF BATTERY CABINETS,"LIMURU, UTHIRU, KIKUYU",16:22:00.000+03:00,Yes,NONE,-1.265266 36.80363 1643.5 4.839000225067139,-1.265266,36.80363,1643.5,4.839000225,,,,,,,,,,,,,,,,,,,,,,,,,,,,,,,,,,,,123,119
Westlands Hub (Oilcom Hub),,,No,,,,,,,,OIL COM WESTLANDS,Bodaboda rider,25-34,College complete ,Male ,WESTLANDS,Westlands,,1–3 years,Lease to own (paying a loan),,Daily,250-300 km,Thrice a day,NGARA HUB,Accessible,,2-4 km ,10–15 minutes,Neither reliable or unreliable (DNR this option),Sometimes,Yes,"KILIMANI, OLENGURONI",Somewhat accessible,Yes,FEW BATTERIES IN CHARGING CABINETS,Partially ,Yes ,Battery quality Other (Specify),1,0,0,0,0,0,1,TECHNICAL FAULT AND MALFUNCTION ON PARKING MODE,IT WAS FIXED IN ONE DAY,,Poor,Very Poor,Very Poor,Good,Good,Environmentally friendly,,Faulty batteries Other (specify),1,0,0,0,0,0,1,SPARE PARTS UNAVAILABILITY AND COSTLY,No,,COST OF CHARGING THE BATTERIES IS HIGHER,"OPERATION COST MARKETED AS CHEAP, PROMOTION BY GREEN WHEELS",High cost of charging/swapping Maintenance concerns Other (specify),0,1,0,0,1,0,0,0,1,"SPARE PARTS, LAGAGE LIMITATION",Yes,COST OF OPERATION AND QUALITY BATTERIES,,No,Yes,Yes,Yes,Very slowly,,No,Yes ,Yes ,No,,No ,No ,Yes ,Yes ,,No,No,,Yes,No,No,Yes,,,Yes ,Yes ,Partially ,,No,No,No,No,No,,,,,"IMPROVE ON CUSTOMER CARE SERVICE ONLINE,","REDUCE COST OF SPARE PARTS AND BATTERIES, IMPROVE QUALITY OF THE BATTERIES","KILELESWA, THIKA ROAD, WAIYAKI WAY, CABANAS",17:15:00.000+03:00,Yes,NONE,-1.265227 36.803515 1650.5 2.253999948501587,-1.265227,36.803515,1650.5,2.253999949,,,,,,,,,,,,,,,,,,,,,,,,,,,,,,,,,,,,124,120
